country_name,year,gdp,freedom,trust,happiness_score,category
Switzerland,2015,1.39651,0.66557,0.41978,7.587,Developed Country
Iceland,2015,1.30232,0.62877,0.14145,7.561,Developed Country
Denmark,2015,1.32548,0.64938,0.48357,7.527,Developed Country
Norway,2015,1.459,0.66973,0.36503,7.522,Developed Country
Canada,2015,1.32629,0.63297,0.32957,7.427,Developed Country
Finland,2015,1.29025,0.64169,0.41372,7.406,Developed Country
Netherlands,2015,1.32944,0.61576,0.31814,7.378,Developed Country
Sweden,2015,1.33171,0.6598,0.43844,7.364,Developed Country
New Zealand,2015,1.25018,0.63938,0.42922,7.286,Developed Country
Australia,2015,1.33358,0.65124,0.35637,7.284,Developed Country
Israel,2015,1.22857,0.41319,0.07785,7.278,Developed Country
Costa Rica,2015,0.95578,0.63376,0.10583,7.226,Developing Country
Austria,2015,1.33723,0.62433,0.18676,7.2,Developed Country
Mexico,2015,1.02054,0.48181,0.21312,7.187,Developing Country
United States,2015,1.39451,0.54604,0.1589,7.119,Developed Country
Brazil,2015,0.98124,0.49049,0.17521,6.983,Developing Country
Luxembourg,2015,1.56391,0.61583,0.37798,6.946,Developed Country
Ireland,2015,1.33596,0.61777,0.28703,6.94,Developed Country
Belgium,2015,1.30782,0.5845,0.2254,6.937,Developed Country
United Arab Emirates,2015,1.42727,0.64157,0.38583,6.901,Developing Country
United Kingdom,2015,1.26637,0.59625,0.32067,6.867,Developed Country
Oman,2015,1.36011,0.63274,0.32524,6.853,Developing Country
Venezuela,2015,1.04424,0.42908,0.11069,6.81,Developing Country
Singapore,2015,1.52186,0.54252,0.4921,6.798,Developed Country
Panama,2015,1.06353,0.5421,0.0927,6.786,Developing Country
Germany,2015,1.32792,0.61477,0.21843,6.75,Developed Country
Chile,2015,1.10715,0.44132,0.12869,6.67,Developing Country
Qatar,2015,1.69042,0.6404,0.52208,6.611,Developing Country
France,2015,1.27778,0.55011,0.20646,6.575,Developed Country
Argentina,2015,1.05351,0.44974,0.08484,6.574,Developing Country
Czech Republic,2015,1.17898,0.46364,0.02652,6.505,Developed Country
Uruguay,2015,1.06166,0.60362,0.24558,6.485,Developing Country
Colombia,2015,0.91861,0.53466,0.0512,6.477,Developing Country
Thailand,2015,0.9669,0.55664,0.03187,6.455,Developing Country
Saudi Arabia,2015,1.39541,0.31048,0.32524,6.411,Developing Country
Spain,2015,1.23011,0.45951,0.06398,6.329,Developed Country
Malta,2015,1.2074,0.60365,0.13586,6.302,Developed Country
Taiwan,2015,1.29098,0.3974,0.08129,6.298,Developed Country
Kuwait,2015,1.55422,0.55499,0.25609,6.295,Developing Country
Suriname,2015,0.99534,0.59657,0.13633,6.269,Developing Country
Trinidad and Tobago,2015,1.21183,0.55884,0.0114,6.168,Developing Country
El Salvador,2015,0.76454,0.4035,0.11776,6.13,Developing Country
Guatemala,2015,0.74553,0.57733,0.09472,6.123,Developing Country
Uzbekistan,2015,0.63244,0.65821,0.30826,6.003,Developing Country
Slovakia,2015,1.16891,0.31751,0.03431,5.995,Developed Country
Japan,2015,1.27074,0.49615,0.1806,5.987,Developed Country
South Korea,2015,1.24461,0.33208,0.07857,5.984,Developed Country
Ecuador,2015,0.86402,0.48574,0.1809,5.975,Developing Country
Bahrain,2015,1.32376,0.45492,0.306,5.96,Developing Country
Italy,2015,1.25114,0.26236,0.02901,5.948,Developed Country
Bolivia,2015,0.68133,0.57414,0.088,5.89,Developing Country
Moldova,2015,0.59448,0.32818,0.01615,5.889,Developing Country
Paraguay,2015,0.75985,0.53899,0.08242,5.878,Developing Country
Kazakhstan,2015,1.12254,0.51649,0.08454,5.855,Developing Country
Slovenia,2015,1.18498,0.60855,0.03787,5.848,Developed Country
Lithuania,2015,1.14723,0.21342,0.01031,5.833,Developed Country
Nicaragua,2015,0.59325,0.55475,0.19317,5.828,Developing Country
Peru,2015,0.90019,0.41496,0.05989,5.824,Developing Country
Belarus,2015,1.03192,0.37938,0.1909,5.813,Developing Country
Poland,2015,1.12555,0.53122,0.04212,5.791,Developed Country
Malaysia,2015,1.12486,0.53024,0.10501,5.77,Developing Country
Croatia,2015,1.08254,0.25883,0.0243,5.759,Developed Country
Libya,2015,1.13145,0.41668,0.11023,5.754,Developing Country
Russia,2015,1.13764,0.36679,0.03005,5.716,Developing Country
Jamaica,2015,0.81038,0.50442,0.02299,5.709,Developing Country
North Cyprus,2015,1.20806,0.49027,0.1428,5.695,
Cyprus,2015,1.20813,0.40672,0.06146,5.689,Developed Country
Algeria,2015,0.93929,0.28579,0.17383,5.605,Developing Country
Kosovo,2015,0.80148,0.24749,0.04741,5.589,
Turkmenistan,2015,0.95847,0.4761,0.30844,5.548,Developing Country
Mauritius,2015,1.00761,0.56066,0.07521,5.477,Developing Country
Hong Kong,2015,1.38604,0.59608,0.37124,5.474,
Estonia,2015,1.15174,0.44888,0.15184,5.429,Developed Country
Indonesia,2015,0.82827,0.46611,0,5.399,Developing Country
Vietnam,2015,0.63216,0.59444,0.10441,5.36,Developing Country
Turkey,2015,1.06098,0.22815,0.15746,5.332,Developing Country
Kyrgyzstan,2015,0.47428,0.43477,0.04232,5.286,Developing Country
Nigeria,2015,0.65435,0.34334,0.0403,5.268,Developing Country
Bhutan,2015,0.77042,0.53206,0.15445,5.253,Least Developed Country
Azerbaijan,2015,1.02389,0.3703,0.16065,5.212,Developing Country
Pakistan,2015,0.59543,0.12102,0.10464,5.194,Developing Country
Jordan,2015,0.90198,0.40661,0.14293,5.192,Developing Country
Montenegro,2015,0.97438,0.1826,0.14296,5.192,Developing Country
China,2015,0.89012,0.51697,0.02781,5.14,Developing Country
Zambia,2015,0.47038,0.48827,0.12468,5.129,Least Developed Country
Romania,2015,1.04345,0.35068,0.00649,5.124,Developed Country
Serbia,2015,0.92053,0.20107,0.02617,5.123,Developing Country
Portugal,2015,1.15991,0.51469,0.01078,5.102,Developed Country
Latvia,2015,1.11312,0.29671,0.06332,5.098,Developed Country
Philippines,2015,0.70532,0.62545,0.12279,5.073,Developing Country
Somaliland region,2015,0.18847,0.46582,0.39928,5.057,
Morocco,2015,0.73479,0.41691,0.08546,5.013,Developing Country
Macedonia,2015,0.91851,0.33457,0.05327,5.007,
Mozambique,2015,0.08308,0.34037,0.15603,4.971,Least Developed Country
Albania,2015,0.87867,0.35733,0.06413,4.959,Developing Country
Bosnia and Herzegovina,2015,0.83223,0.09245,0.00227,4.949,Developing Country
Lesotho,2015,0.37545,0.31767,0.12504,4.898,Least Developed Country
Dominican Republic,2015,0.89537,0.57672,0.14234,4.885,Developing Country
Laos,2015,0.59066,0.59591,0.24249,4.876,Least Developed Country
Mongolia,2015,0.82819,0.43626,0.02666,4.874,Developing Country
Swaziland,2015,0.71206,0.30658,0.0306,4.867,Developing Country
Greece,2015,1.15406,0.07699,0.01397,4.857,Developed Country
Lebanon,2015,1.02564,0.33916,0.04582,4.839,Developing Country
Hungary,2015,1.12094,0.32112,0.02758,4.8,Developed Country
Honduras,2015,0.59532,0.40148,0.06825,4.788,Developing Country
Tajikistan,2015,0.39047,0.47216,0.15072,4.786,Developing Country
Tunisia,2015,0.88113,0.26268,0.06358,4.739,Developing Country
Palestinian Territories,2015,0.59867,0.24499,0.12905,4.715,
Bangladesh,2015,0.39753,0.4082,0.12569,4.694,Least Developed Country
Iran,2015,1.0088,0.30033,0.05863,4.686,Developing Country
Ukraine,2015,0.79907,0.25123,0.02961,4.681,Developing Country
Iraq,2015,0.98549,0,0.13788,4.677,Developing Country
South Africa,2015,0.92049,0.33207,0.08884,4.642,Developing Country
Ghana,2015,0.54558,0.42342,0.04355,4.633,Developing Country
Zimbabwe,2015,0.271,0.25861,0.08079,4.61,Developing Country
Liberia,2015,0.0712,0.28531,0.06232,4.571,Least Developed Country
India,2015,0.64499,0.39786,0.08492,4.565,Developing Country
Sudan,2015,0.52107,0.10081,0.1466,4.55,Least Developed Country
Haiti,2015,0.26673,0.24425,0.17175,4.518,Least Developed Country
Congo (Kinshasa),2015,0,0.22605,0.07625,4.517,
Nepal,2015,0.35997,0.38282,0.05907,4.514,Least Developed Country
Ethiopia,2015,0.19073,0.4345,0.15048,4.512,Least Developed Country
Sierra Leone,2015,0.33024,0.4084,0.08786,4.507,Least Developed Country
Mauritania,2015,0.45407,0.24232,0.17461,4.436,Least Developed Country
Kenya,2015,0.36471,0.42215,0.05839,4.419,Developing Country
Djibouti,2015,0.44025,0.46074,0.28105,4.369,Least Developed Country
Armenia,2015,0.76821,0.19847,0.039,4.35,Developing Country
Botswana,2015,0.99355,0.49495,0.12474,4.332,Developing Country
Myanmar,2015,0.27108,0.44017,0.19034,4.307,Least Developed Country
Georgia,2015,0.7419,0.40577,0.38331,4.297,Developing Country
Malawi,2015,0.01604,0.43054,0.06977,4.292,Least Developed Country
Sri Lanka,2015,0.83524,0.53726,0.09179,4.271,Developing Country
Cameroon,2015,0.4225,0.49309,0.05786,4.252,Developing Country
Bulgaria,2015,1.01216,0.30587,0.00872,4.218,Developed Country
Egypt,2015,0.8818,0.17288,0.06324,4.194,Developing Country
Yemen,2015,0.54649,0.35571,0.07854,4.077,Least Developed Country
Angola,2015,0.75778,0.10384,0.07122,4.033,Least Developed Country
Mali,2015,0.26074,0.38857,0.12352,3.995,Least Developed Country
Congo (Brazzaville),2015,0.67866,0.41466,0.11686,3.989,
Comoros,2015,0.23906,0.22917,0.199,3.956,Least Developed Country
Uganda,2015,0.21102,0.45727,0.07267,3.931,Least Developed Country
Senegal,2015,0.36498,0.36772,0.10713,3.904,Least Developed Country
Gabon,2015,1.06024,0.31914,0.11091,3.896,Developing Country
Niger,2015,0.0694,0.47692,0.15639,3.845,Least Developed Country
Cambodia,2015,0.46038,0.66246,0.07247,3.819,Least Developed Country
Tanzania,2015,0.2852,0.32878,0.05747,3.781,Least Developed Country
Madagascar,2015,0.20824,0.19184,0.08124,3.681,Least Developed Country
Central African Republic,2015,0.0785,0.48879,0.08289,3.678,Least Developed Country
Chad,2015,0.34193,0.23501,0.05269,3.667,Least Developed Country
Guinea,2015,0.17417,0.37725,0.12139,3.656,Least Developed Country
Ivory Coast,2015,0.46534,0.46866,0.17922,3.655,
Burkina Faso,2015,0.25812,0.39493,0.12832,3.587,Least Developed Country
Afghanistan,2015,0.31982,0.23414,0.09719,3.575,Least Developed Country
Rwanda,2015,0.22208,0.59201,0.55191,3.465,Least Developed Country
Benin,2015,0.28665,0.4845,0.0801,3.34,Least Developed Country
Syria,2015,0.6632,0.15684,0.18906,3.006,Developing Country
Burundi,2015,0.0153,0.1185,0.10062,2.905,Least Developed Country
Togo,2015,0.20868,0.36453,0.10731,2.839,Least Developed Country
Denmark,2016,1.44178,0.57941,0.44453,7.526,Developed Country
Switzerland,2016,1.52733,0.58557,0.41203,7.509,Developed Country
Iceland,2016,1.42666,0.56624,0.14975,7.501,Developed Country
Norway,2016,1.57744,0.59609,0.35776,7.498,Developed Country
Finland,2016,1.40598,0.57104,0.41004,7.413,Developed Country
Canada,2016,1.44015,0.5737,0.31329,7.404,Developed Country
Netherlands,2016,1.46468,0.55211,0.29927,7.339,Developed Country
New Zealand,2016,1.36066,0.58147,0.41904,7.334,Developed Country
Australia,2016,1.44443,0.56837,0.32331,7.313,Developed Country
Sweden,2016,1.45181,0.58218,0.40867,7.291,Developed Country
Israel,2016,1.33766,0.36432,0.08728,7.267,Developed Country
Austria,2016,1.45038,0.54355,0.21348,7.119,Developed Country
United States,2016,1.50796,0.48163,0.14868,7.104,Developed Country
Costa Rica,2016,1.06879,0.55225,0.10547,7.087,Developing Country
Puerto Rico,2016,1.35943,0.46823,0.12275,7.039,
Germany,2016,1.44787,0.53466,0.28551,6.994,Developed Country
Brazil,2016,1.08754,0.40425,0.14166,6.952,Developing Country
Belgium,2016,1.42539,0.51354,0.26248,6.929,Developed Country
Ireland,2016,1.48341,0.54008,0.29754,6.907,Developed Country
Luxembourg,2016,1.69752,0.5487,0.35329,6.871,Developed Country
Mexico,2016,1.11508,0.37709,0.18355,6.778,Developing Country
Singapore,2016,1.64555,0.4877,0.46987,6.739,Developed Country
United Kingdom,2016,1.40283,0.50036,0.27399,6.725,Developed Country
Chile,2016,1.2167,0.37789,0.11451,6.705,Developing Country
Panama,2016,1.18306,0.48927,0.08423,6.701,Developing Country
Argentina,2016,1.15137,0.42284,0.07296,6.65,Developing Country
Czech Republic,2016,1.30915,0.41418,0.03986,6.596,Developed Country
United Arab Emirates,2016,1.57352,0.56215,0.35561,6.573,Developing Country
Uruguay,2016,1.18157,0.54388,0.21394,6.545,Developing Country
Malta,2016,1.30782,0.54994,0.17554,6.488,Developed Country
Colombia,2016,1.03032,0.44735,0.05399,6.481,Developing Country
France,2016,1.39488,0.46562,0.17808,6.478,Developed Country
Thailand,2016,1.0893,0.49553,0.02833,6.474,Developing Country
Saudi Arabia,2016,1.48953,0.37904,0.30008,6.379,Developing Country
Taiwan,2016,1.39729,0.32377,0.0663,6.379,Developed Country
Qatar,2016,1.82427,0.56679,0.48049,6.375,Developing Country
Spain,2016,1.34253,0.37545,0.06137,6.361,Developed Country
Algeria,2016,1.05266,0.21006,0.16157,6.355,Developing Country
Guatemala,2016,0.83454,0.50379,0.08701,6.324,Developing Country
Suriname,2016,1.09686,0.52234,0.12692,6.269,Developing Country
Kuwait,2016,1.61714,0.43166,0.23669,6.239,Developing Country
Bahrain,2016,1.44024,0.47375,0.25772,6.218,Developing Country
Trinidad and Tobago,2016,1.32572,0.48453,0.01241,6.168,Developing Country
Venezuela,2016,1.13367,0.19847,0.08304,6.084,Developing Country
Slovakia,2016,1.27973,0.23391,0.02947,6.078,Developed Country
El Salvador,2016,0.8737,0.37269,0.10613,6.068,Developing Country
Malaysia,2016,1.25142,0.39031,0.09081,6.005,Developing Country
Nicaragua,2016,0.69384,0.46582,0.16292,5.992,Developing Country
Uzbekistan,2016,0.73591,0.60848,0.28333,5.987,Developing Country
Italy,2016,1.35495,0.18827,0.02556,5.977,Developed Country
Ecuador,2016,0.97306,0.4027,0.18037,5.976,Developing Country
Belize,2016,0.87616,0.51231,0.10771,5.956,Developing Country
Japan,2016,1.38007,0.46761,0.18985,5.921,Developed Country
Kazakhstan,2016,1.22943,0.4052,0.11132,5.919,Developing Country
Moldova,2016,0.69177,0.25202,0.01903,5.897,Developing Country
Russia,2016,1.23228,0.32682,0.03586,5.856,Developing Country
Poland,2016,1.24585,0.4519,0.055,5.835,Developed Country
South Korea,2016,1.35948,0.25168,0.07716,5.835,Developed Country
Bolivia,2016,0.79422,0.50961,0.07746,5.822,Developing Country
Lithuania,2016,1.2692,0.18929,0.0182,5.813,Developed Country
Belarus,2016,1.13062,0.29091,0.17457,5.802,Developing Country
North Cyprus,2016,1.31141,0.43596,0.16578,5.771,
Slovenia,2016,1.29947,0.53164,0.03635,5.768,Developed Country
Peru,2016,0.99602,0.37502,0.05292,5.743,Developing Country
Turkmenistan,2016,1.08017,0.37408,0.28467,5.658,Developing Country
Mauritius,2016,1.14372,0.46145,0.05203,5.648,Developing Country
Libya,2016,1.06688,0.40672,0.10339,5.615,Developing Country
Latvia,2016,1.21788,0.27996,0.0889,5.56,Developed Country
Cyprus,2016,1.31857,0.29507,0.05228,5.546,Developed Country
Paraguay,2016,0.89373,0.46235,0.07396,5.538,Developing Country
Romania,2016,1.1697,0.36712,0.00679,5.528,Developed Country
Estonia,2016,1.27964,0.41511,0.18519,5.517,Developed Country
Jamaica,2016,0.89333,0.43597,0.04294,5.51,Developing Country
Croatia,2016,1.18649,0.23907,0.04002,5.488,Developed Country
Hong Kong,2016,1.5107,0.48079,0.31647,5.458,
Somalia,2016,0,0.56778,0.3118,5.44,Least Developed Country
Kosovo,2016,0.90145,0.14396,0.06547,5.401,
Turkey,2016,1.16492,0.23889,0.12348,5.389,Developing Country
Indonesia,2016,0.95104,0.39237,0.00322,5.314,Developing Country
Jordan,2016,0.99673,0.36023,0.13297,5.303,Developing Country
Azerbaijan,2016,1.12373,0.35327,0.17914,5.291,Developing Country
Philippines,2016,0.81217,0.54854,0.11757,5.279,Developing Country
China,2016,1.0278,0.44012,0.02745,5.245,Developing Country
Bhutan,2016,0.8527,0.46074,0.1616,5.196,Least Developed Country
Kyrgyzstan,2016,0.56044,0.40212,0.04762,5.185,Developing Country
Serbia,2016,1.03437,0.15718,0.04339,5.177,Developing Country
Bosnia and Herzegovina,2016,0.93383,0.09511,0,5.163,Developing Country
Montenegro,2016,1.07838,0.15111,0.12721,5.161,Developing Country
Dominican Republic,2016,1.02787,0.52259,0.12372,5.155,Developing Country
Morocco,2016,0.84058,0.25646,0.08404,5.151,Developing Country
Hungary,2016,1.24142,0.1977,0.04472,5.145,Developed Country
Pakistan,2016,0.68816,0.14622,0.1388,5.132,Developing Country
Lebanon,2016,1.12268,0.26228,0.03061,5.129,Developing Country
Portugal,2016,1.27607,0.44727,0.01521,5.123,Developed Country
Macedonia,2016,1.0193,0.27668,0.07047,5.121,
Vietnam,2016,0.74037,0.55954,0.11556,5.061,Developing Country
Somaliland Region,2016,0.25558,0.3913,0.36794,5.057,
Tunisia,2016,0.97724,0.23553,0.0817,5.045,Developing Country
Greece,2016,1.24886,0.05822,0.04127,5.033,Developed Country
Tajikistan,2016,0.48835,0.43408,0.13509,4.996,Developing Country
Mongolia,2016,0.98853,0.35972,0.03285,4.907,Developing Country
Laos,2016,0.68042,0.52168,0.22423,4.876,Least Developed Country
Nigeria,2016,0.75216,0.27854,0.0305,4.875,Developing Country
Honduras,2016,0.69429,0.26755,0.06906,4.871,Developing Country
Iran,2016,1.11758,0.22544,0.0557,4.813,Developing Country
Zambia,2016,0.61202,0.42662,0.11479,4.795,Least Developed Country
Nepal,2016,0.44626,0.37012,0.07008,4.793,Least Developed Country
Palestinian Territories,2016,0.67024,0.17744,0.10613,4.754,
Albania,2016,0.9553,0.31866,0.05301,4.655,Developing Country
Bangladesh,2016,0.54177,0.39778,0.12583,4.643,Least Developed Country
Sierra Leone,2016,0.36485,0.30685,0.08196,4.635,Least Developed Country
Iraq,2016,1.07474,0.24856,0.13636,4.575,Developing Country
Namibia,2016,0.93287,0.48614,0.10398,4.574,Developing Country
Cameroon,2016,0.52497,0.42736,0.06126,4.513,Developing Country
Ethiopia,2016,0.29283,0.36703,0.1717,4.508,Least Developed Country
South Africa,2016,1.02416,0.42483,0.08415,4.459,Developing Country
Sri Lanka,2016,0.97318,0.50817,0.07964,4.415,Developing Country
India,2016,0.74036,0.40285,0.08722,4.404,Developing Country
Myanmar,2016,0.34112,0.42692,0.20243,4.395,Least Developed Country
Egypt,2016,0.95395,0.18847,0.10393,4.362,Developing Country
Armenia,2016,0.86086,0.14037,0.03616,4.36,Developing Country
Kenya,2016,0.52267,0.40576,0.06686,4.356,Developing Country
Ukraine,2016,0.87287,0.12859,0.01829,4.324,Developing Country
Ghana,2016,0.63107,0.40973,0.0326,4.276,Developing Country
Congo (Kinshasa),2016,0.05661,0.15602,0.06075,4.272,
Georgia,2016,0.83792,0.32461,0.3188,4.252,Developing Country
Congo (Brazzaville),2016,0.77109,0.37938,0.09753,4.236,
Senegal,2016,0.44314,0.31056,0.11681,4.219,Least Developed Country
Bulgaria,2016,1.11306,0.21219,0.00615,4.217,Developed Country
Mauritania,2016,0.61391,0.1268,0.17955,4.201,Least Developed Country
Zimbabwe,2016,0.35041,0.25429,0.08582,4.193,Developing Country
Malawi,2016,0.08709,0.4143,0.07564,4.156,Least Developed Country
Sudan,2016,0.63069,0,0.10039,4.139,Least Developed Country
Gabon,2016,1.15851,0.28098,0.09314,4.121,Developing Country
North Cyprus,2017,1.3469113,0.47120363,0.15535335,5.81,
Mali,2016,0.31292,0.27544,0.13647,4.073,Least Developed Country
Haiti,2016,0.34097,0.12072,0.14476,4.028,Least Developed Country
Botswana,2016,1.09426,0.44089,0.10769,3.974,Developing Country
Comoros,2016,0.27509,0.15412,0.18437,3.956,Least Developed Country
Ivory Coast,2016,0.55507,0.40663,0.1553,3.916,
Cambodia,2016,0.55604,0.58852,0.08092,3.907,Least Developed Country
Angola,2016,0.84731,0.00589,0.08434,3.866,Least Developed Country
Niger,2016,0.1327,0.38041,0.17176,3.856,Least Developed Country
South Sudan,2016,0.39394,0.19662,0.13015,3.832,Least Developed Country
Chad,2016,0.42214,0.12807,0.04952,3.763,Least Developed Country
Burkina Faso,2016,0.31995,0.3337,0.12533,3.739,Least Developed Country
Uganda,2016,0.34719,0.43653,0.06442,3.739,Least Developed Country
Yemen,2016,0.57939,0.2287,0.05892,3.724,Least Developed Country
Madagascar,2016,0.27954,0.13684,0.07506,3.695,Least Developed Country
Tanzania,2016,0.47155,0.3176,0.05099,3.666,Least Developed Country
Liberia,2016,0.10706,0.25748,0.04852,3.622,Least Developed Country
Guinea,2016,0.22415,0.30953,0.1192,3.607,Least Developed Country
Rwanda,2016,0.32846,0.5432,0.50521,3.515,Least Developed Country
Benin,2016,0.39499,0.39747,0.06681,3.484,Least Developed Country
Afghanistan,2016,0.38227,0.1643,0.07112,3.36,Least Developed Country
Togo,2016,0.28123,0.34678,0.11587,3.303,Least Developed Country
Syria,2016,0.74719,0.06912,0.17233,3.069,Developing Country
Burundi,2016,0.06831,0.0432,0.09419,2.905,Least Developed Country
Norway,2017,1.6164632,0.6354226,0.31596383,7.537,
Denmark,2017,1.482383,0.6260067,0.40077007,7.522,
Iceland,2017,1.480633,0.62716264,0.15352656,7.504,
Switzerland,2017,1.5649796,0.6200706,0.3670073,7.494,
Finland,2017,1.4435719,0.61795086,0.38261154,7.469,
Netherlands,2017,1.5039446,0.5853845,0.28266183,7.377,
Canada,2017,1.4792044,0.6111009,0.28737152,7.316,
New Zealand,2017,1.405706,0.61406213,0.3828167,7.314,
Sweden,2017,1.4943873,0.6129241,0.38439873,7.284,
Australia,2017,1.4844149,0.6016074,0.30118373,7.284,
Israel,2017,1.3753824,0.4059886,0.0852421,7.213,
Costa Rica,2017,1.1097063,0.58013165,0.10010659,7.079,
Austria,2017,1.4870973,0.5677662,0.22106037,7.006,
United States,2017,1.5462593,0.5057405,0.13563879,6.993,
Ireland,2017,1.5357066,0.57311034,0.29838815,6.977,
Germany,2017,1.4879234,0.5625114,0.27673194,6.951,
Belgium,2017,1.4637808,0.5397707,0.25134313,6.891,
Luxembourg,2017,1.7419436,0.5966279,0.31883442,6.863,
United Kingdom,2017,1.4416339,0.50819004,0.26542807,6.714,
Chile,2017,1.2527846,0.37689528,0.08228798,6.652,
United Arab Emirates,2017,1.6263434,0.60834527,0.32448956,6.648,
Brazil,2017,1.1073532,0.43745375,0.11109276,6.635,
Czech Republic,2017,1.3526824,0.49094617,0.036872927,6.609,
Argentina,2017,1.1852955,0.4945192,0.059739888,6.599,
Mexico,2017,1.1531838,0.41273,0.13277411,6.578,
Singapore,2017,1.6922777,0.54984057,0.46430779,6.572,
Malta,2017,1.3432798,0.58876705,0.15306607,6.527,
Uruguay,2017,1.2175597,0.57939225,0.17806187,6.454,
Guatemala,2017,0.87200195,0.5313106,0.07722328,6.454,
Panama,2017,1.2337484,0.55002683,0.070983924,6.452,
France,2017,1.4309235,0.47022212,0.17250243,6.442,
Thailand,2017,1.1278688,0.58020073,0.031612735,6.424,
Taiwan Province of China,2017,1.4336265,0.3614666,0.063829236,6.422,
Spain,2017,1.3843979,0.40878123,0.0709141,6.403,
Qatar,2017,1.8707657,0.604131,0.43929926,6.375,
Colombia,2017,1.0706223,0.47748742,0.04666874,6.357,
Saudi Arabia,2017,1.5306236,0.44975057,0.27343225,6.344,
Trinidad and Tobago,2017,1.3613559,0.51863074,0.008964816,6.168,
Kuwait,2017,1.6329525,0.4963376,0.21515955,6.105,
Slovakia,2017,1.3253936,0.29581746,0.024210852,6.098,
Bahrain,2017,1.4884123,0.5367469,0.25704217,6.087,
Malaysia,2017,1.2912154,0.40226498,0.06560071,6.084,
Nicaragua,2017,0.7372992,0.44755185,0.13068798,6.071,
Ecuador,2017,1.0008204,0.4551982,0.14013465,6.008,
El Salvador,2017,0.9097845,0.43245253,0.08998096,6.003,
Poland,2017,1.2917879,0.5203421,0.059307806,5.973,
Uzbekistan,2017,0.7864411,0.65824866,0.24652822,5.971,
Italy,2017,1.3950666,0.2564507,0.028028091,5.964,
Russia,2017,1.2817781,0.3737831,0.03296288,5.963,
Belize,2017,0.9079753,0.5475094,0.09658107,5.956,
Japan,2017,1.4169152,0.50562555,0.16376074,5.92,
Lithuania,2017,1.3145823,0.23423178,0.011865643,5.902,
Algeria,2017,1.0918645,0.23333581,0.14609611,5.872,
Latvia,2017,1.2607486,0.3257079,0.07384273,5.85,
South Korea,2017,1.4016784,0.25792167,0.06328267,5.838,
Moldova,2017,0.72887063,0.24072905,0.010091286,5.838,
Romania,2017,1.2176839,0.45700374,0.0043879007,5.825,
Bolivia,2017,0.83375657,0.5587329,0.060477726,5.823,
Turkmenistan,2017,1.1307768,0.41827193,0.25927034,5.822,
Kazakhstan,2017,1.2845563,0.43745428,0.11928289,5.819,
Slovenia,2017,1.341206,0.5725758,0.04512898,5.758,
Peru,2017,1.0352253,0.45000288,0.047049087,5.715,
Mauritius,2017,1.1893955,0.49124733,0.042181555,5.629,
Cyprus,2017,1.3559381,0.35511154,0.041237976,5.621,
Estonia,2017,1.3208793,0.47913143,0.18324892,5.611,
Belarus,2017,1.1565576,0.29540026,0.15631382,5.569,
Libya,2017,1.1018031,0.46573323,0.09261021,5.525,
Turkey,2017,1.1982744,0.3007406,0.09967158,5.5,
Paraguay,2017,0.9325373,0.4735078,0.09106591,5.493,
"Hong Kong S.A.R., China",2017,1.5516748,0.49096864,0.29393375,5.472,
Philippines,2017,0.8576992,0.5852147,0.09933189,5.43,
Serbia,2017,1.0693176,0.20871553,0.04090378,5.395,
Jordan,2017,0.9910124,0.41842115,0.11980327,5.336,
Hungary,2017,1.2860119,0.17586352,0.036636937,5.324,
Jamaica,2017,0.9255793,0.47430724,0.05526778,5.311,
Croatia,2017,1.2225562,0.2557723,0.04310311,5.293,
Kosovo,2017,0.9514844,0.26028794,0.057471618,5.279,
China,2017,1.0811658,0.4727877,0.022794275,5.273,
Pakistan,2017,0.72688353,0.23521526,0.12434807,5.269,
Indonesia,2017,0.9955386,0.44332346,0.0153171355,5.262,
Venezuela,2017,1.1284312,0.15399712,0.06449112,5.25,
Montenegro,2017,1.121129,0.19498906,0.088174194,5.237,
Morocco,2017,0.8781146,0.40815833,0.08776318,5.235,
Azerbaijan,2017,1.1536018,0.39815584,0.1809875,5.234,
Dominican Republic,2017,1.0793738,0.55258983,0.11394525,5.23,
Greece,2017,1.2894875,0.09573125,0.043289777,5.227,
Lebanon,2017,1.0749875,0.28851599,0.03751383,5.225,
Portugal,2017,1.3151753,0.4984653,0.015869452,5.195,
Bosnia and Herzegovina,2017,0.9824094,0.20440318,0,5.182,
Honduras,2017,0.7305731,0.34807986,0.07334545,5.181,
Macedonia,2017,1.0645779,0.32590598,0.060277794,5.175,
Somalia,2017,0.022643184,0.60212696,0.28241032,5.151,
Vietnam,2017,0.7885476,0.5710556,0.08763324,5.074,
Nigeria,2017,0.78375626,0.39495257,0.026121566,5.074,
Tajikistan,2017,0.52471364,0.4715667,0.14637715,5.041,
Bhutan,2017,0.8854164,0.5015377,0.17338039,5.011,
Kyrgyzstan,2017,0.5962201,0.4549434,0.03943918,5.004,
Nepal,2017,0.4798202,0.44030595,0.072975546,4.962,
Mongolia,2017,1.0272359,0.39414397,0.03290229,4.955,
South Africa,2017,1.0546987,0.47924674,0.0725095,4.829,
Tunisia,2017,1.0072658,0.2896807,0.08672315,4.805,
Palestinian Territories,2017,0.7162492,0.25471106,0.0892826,4.775,
Egypt,2017,0.9897018,0.28211015,0.114381365,4.735,
Bulgaria,2017,1.1614591,0.28923172,0.011051531,4.714,
Sierra Leone,2017,0.36842093,0.3186977,0.071095176,4.709,
Cameroon,2017,0.56430537,0.43038875,0.05130663,4.695,
Iran,2017,1.1568731,0.24932261,0.048761073,4.692,
Albania,2017,0.99619275,0.38149863,0.039864216,4.644,
Bangladesh,2017,0.586683,0.47835666,0.12371786,4.608,
Namibia,2017,0.9644343,0.52030355,0.09314697,4.574,
Kenya,2017,0.56047946,0.45276377,0.06464132,4.553,
Mozambique,2017,0.23430565,0.4807911,0.17943639,4.55,
Myanmar,2017,0.36711055,0.51449203,0.1888162,4.545,
Senegal,2017,0.47930902,0.37792227,0.11546045,4.535,
Zambia,2017,0.6364068,0.4616035,0.07821355,4.514,
Iraq,2017,1.1027105,0.28855553,0.107215755,4.497,
Gabon,2017,1.1982102,0.31232858,0.07604679,4.465,
Ethiopia,2017,0.33923385,0.40884274,0.16545571,4.46,
Sri Lanka,2017,1.0098501,0.56121325,0.073653966,4.44,
Armenia,2017,0.90059674,0.19830327,0.026674422,4.376,
India,2017,0.79222125,0.469987,0.092226885,4.315,
Mauritania,2017,0.6484573,0.09609804,0.136957,4.292,
Congo (Brazzaville),2017,0.80896425,0.43502587,0.07961813,4.291,
Georgia,2017,0.95061266,0.30941004,0.25166664,4.286,
Congo (Kinshasa),2017,0.09210235,0.23596135,0.060241356,4.28,
Mali,2017,0.4761805,0.30661374,0.10497025,4.19,
Ivory Coast,2017,0.6030489,0.4477062,0.13006178,4.18,
Cambodia,2017,0.6017651,0.6333758,0.06810595,4.168,
Sudan,2017,0.6595167,0.014995855,0.08984752,4.139,
Ghana,2017,0.6672248,0.4230263,0.02533637,4.12,
Ukraine,2017,0.89465195,0.122974776,0.02302947,4.096,
Uganda,2017,0.38143072,0.44318596,0.05706972,4.081,
Burkina Faso,2017,0.3502277,0.32436785,0.120328106,4.032,
Niger,2017,0.16192533,0.3636587,0.13857295,4.028,
Malawi,2017,0.23344204,0.46691465,0.072711654,3.97,
Chad,2017,0.438013,0.16234203,0.053581882,3.936,
Zimbabwe,2017,0.37584653,0.3363842,0.09537538,3.875,
Lesotho,2017,0.52102125,0.3906613,0.11909464,3.808,
Angola,2017,0.8584282,0,0.069720335,3.795,
Afghanistan,2017,0.40147722,0.10617952,0.06115783,3.794,
Botswana,2017,1.1220942,0.50519633,0.0985832,3.766,
Benin,2017,0.4310854,0.42596278,0.060929015,3.657,
Madagascar,2017,0.3058087,0.18919677,0.067231975,3.644,
Haiti,2017,0.36861026,0.030369857,0.09987215,3.603,
Yemen,2017,0.59168345,0.24946372,0.056767423,3.593,
South Sudan,2017,0.39724863,0.14706244,0.11679351,3.591,
Liberia,2017,0.11904179,0.33288118,0.03894825,3.533,
Guinea,2017,0.24454993,0.3485875,0.11093762,3.507,
Togo,2017,0.30544472,0.38042614,0.095665015,3.495,
Rwanda,2017,0.3687459,0.58184385,0.45522,3.471,
Syria,2017,0.77715313,0.081539445,0.15134713,3.462,
Tanzania,2017,0.5111359,0.39001778,0.06603511,3.349,
Burundi,2017,0.09162257,0.059900753,0.084147945,2.905,
Central African Republic,2017,0,0.27084205,0.056565076,2.693,
Finland,2018,1.305,0.681,0.393,7.632,
Norway,2018,1.456,0.686,0.34,7.594,
Denmark,2018,1.351,0.683,0.408,7.555,
Iceland,2018,1.343,0.677,0.138,7.495,
Switzerland,2018,1.42,0.66,0.357,7.487,
Netherlands,2018,1.361,0.638,0.295,7.441,
Canada,2018,1.33,0.653,0.291,7.328,
New Zealand,2018,1.268,0.669,0.389,7.324,
Sweden,2018,1.355,0.659,0.383,7.314,
Australia,2018,1.34,0.647,0.302,7.272,
United Kingdom,2018,1.244,0.464,0.082,7.19,
Austria,2018,1.341,0.617,0.224,7.139,
Costa Rica,2018,1.01,0.632,0.101,7.072,
Ireland,2018,1.448,0.614,0.306,6.977,
China,2018,0.989,0.597,0.103,5.246,
Germany,2018,1.34,0.586,0.28,6.965,
Belgium,2018,1.324,0.583,0.24,6.927,
Luxembourg,2018,1.576,0.632,0.321,6.91,
United States,2018,1.398,0.547,0.133,6.886,
Israel,2018,1.301,0.533,0.272,6.814,
Czech Republic,2018,1.233,0.543,0.034,6.711,
Malta,2018,1.27,0.645,0.142,6.627,
France,2018,1.293,0.52,0.176,6.489,
Mexico,2018,1.038,0.479,0.095,6.488,
Chile,2018,1.131,0.431,0.061,6.476,
Taiwan,2018,1.365,0.418,0.078,6.441,
Panama,2018,1.112,0.597,0.063,6.43,
Brazil,2018,0.986,0.493,0.088,6.419,
Argentina,2018,1.073,0.57,0.054,6.388,
Guatemala,2018,0.781,0.604,0.071,6.382,
Uruguay,2018,1.093,0.625,0.155,6.379,
Qatar,2018,1.649,0.654,0.171,6.374,
Saudi Arabia,2018,1.379,0.509,0.127,6.371,
Singapore,2018,1.529,0.631,0.457,6.343,
Malaysia,2018,1.161,0.356,0.059,6.322,
Spain,2018,1.251,0.449,0.074,6.31,
Colombia,2018,0.96,0.531,0.039,6.26,
Trinidad & Tobago,2018,1.223,0.575,0.019,6.192,
Slovakia,2018,1.21,0.354,0.014,6.173,
El Salvador,2018,0.806,0.461,0.082,6.167,
Nicaragua,2018,0.668,0.527,0.128,6.141,
Poland,2018,1.176,0.546,0.064,6.123,
Bahrain,2018,1.338,0.594,0.123,6.105,
Uzbekistan,2018,0.719,0.724,0.259,6.096,
Kuwait,2018,1.474,0.554,0.106,6.083,
Thailand,2018,1.016,0.637,0.029,6.072,
Italy,2018,1.264,0.281,0.028,6,
Ecuador,2018,0.889,0.556,0.12,5.973,
Belize,2018,0.807,0.593,0.089,5.956,
Lithuania,2018,1.197,0.35,0.006,5.952,
Slovenia,2018,1.219,0.633,0.051,5.948,
Romania,2018,1.116,0.528,0.001,5.945,
Latvia,2018,1.148,0.363,0.066,5.933,
Japan,2018,1.294,0.553,0.15,5.915,
Mauritius,2018,1.09,0.584,0.05,5.891,
Jamaica,2018,0.819,0.575,0.031,5.89,
South Korea,2018,1.266,0.244,0.051,5.875,
Northern Cyprus,2018,1.229,0.495,0.154,5.835,
Russia,2018,1.151,0.399,0.025,5.81,
Kazakhstan,2018,1.143,0.454,0.121,5.79,
Cyprus,2018,1.229,0.423,0.035,5.762,
Bolivia,2018,0.751,0.606,0.054,5.752,
Estonia,2018,1.2,0.553,0.174,5.739,
Paraguay,2018,0.835,0.541,0.074,5.681,
Peru,2018,0.934,0.53,0.034,5.663,
Kosovo,2018,0.855,0.448,0.023,5.662,
Moldova,2018,0.657,0.232,0,5.64,
Turkmenistan,2018,1.016,0.417,0.037,5.636,
Hungary,2018,1.171,0.259,0.022,5.62,
Libya,2018,0.985,0.496,0.148,5.566,
Philippines,2018,0.775,0.643,0.105,5.524,
Honduras,2018,0.62,0.459,0.074,5.504,
Belarus,2018,1.039,0.307,0.154,5.483,
Turkey,2018,1.148,0.324,0.109,5.483,
Pakistan,2018,0.652,0.334,0.113,5.472,
Hong Kong,2018,1.405,0.524,0.291,5.43,
Portugal,2018,1.188,0.562,0.017,5.41,
Serbia,2018,0.975,0.288,0.043,5.398,
Greece,2018,1.154,0.131,0.044,5.358,
Lebanon,2018,0.965,0.503,0.136,5.358,
Montenegro,2018,1.017,0.259,0.081,5.347,
Croatia,2018,1.115,0.38,0.039,5.321,
Dominican Republic,2018,0.982,0.578,0.106,5.302,
Algeria,2018,0.979,0.077,0.135,5.295,
Morocco,2018,0.779,0.46,0.074,5.254,
Azerbaijan,2018,1.024,0.43,0.176,5.201,
Tajikistan,2018,0.474,0.292,0.034,5.199,
Macedonia,2018,0.959,0.394,0.052,5.185,
Jordan,2018,0.822,0.468,0.134,5.161,
Nigeria,2018,0.689,0.462,0.032,5.155,
Kyrgyzstan,2018,0.53,0.54,0.035,5.131,
Bosnia and Herzegovina,2018,0.915,0.28,0,5.129,
Mongolia,2018,0.914,0.395,0.032,5.125,
Vietnam,2018,0.715,0.618,0.079,5.103,
Indonesia,2018,0.899,0.538,0.018,5.093,
Bhutan,2018,0.796,0.541,0.171,5.082,
Somalia,2018,0,0.674,0.282,4.982,
Cameroon,2018,0.535,0.454,0.043,4.975,
Bulgaria,2018,1.054,0.359,0.009,4.933,
Nepal,2018,0.425,0.526,0.078,4.88,
Venezuela,2018,0.996,0.133,0.052,4.806,
Gabon,2018,1.036,0.356,0.052,4.758,
Palestinian Territories,2018,0.642,0.266,0.076,4.743,
South Africa,2018,0.94,0.516,0.056,4.724,
Iran,2018,1.059,0.459,0.129,4.707,
Ivory Coast,2018,0.541,0.467,0.103,4.671,
Ghana,2018,0.592,0.499,0.029,4.657,
Senegal,2018,0.429,0.406,0.082,4.631,
Laos,2018,0.72,0.626,0.174,4.623,
Tunisia,2018,0.9,0.271,0.063,4.592,
Albania,2018,0.916,0.419,0.032,4.586,
Sierra Leone,2018,0.256,0.355,0.053,4.571,
Congo (Brazzaville),2018,0.682,0.514,0.077,4.559,
Bangladesh,2018,0.532,0.58,0.144,4.5,
Sri Lanka,2018,0.918,0.585,0.05,4.471,
Iraq,2018,1.01,0.304,0.095,4.456,
Mali,2018,0.37,0.367,0.056,4.447,
Namibia,2018,0.874,0.519,0.064,4.441,
Cambodia,2018,0.549,0.696,0.065,4.433,
Burkina Faso,2018,0.314,0.312,0.128,4.424,
Egypt,2018,0.885,0.312,0.107,4.419,
Mozambique,2018,0.198,0.531,0.158,4.417,
Kenya,2018,0.493,0.504,0.055,4.41,
Zambia,2018,0.562,0.503,0.082,4.377,
Mauritania,2018,0.557,0.129,0.093,4.356,
Ethiopia,2018,0.308,0.452,0.146,4.35,
Georgia,2018,0.853,0.375,0.215,4.34,
Armenia,2018,0.816,0.26,0.028,4.321,
Myanmar,2018,0.682,0.58,0.178,4.308,
Chad,2018,0.358,0.189,0.06,4.301,
Congo (Kinshasa),2018,0.069,0.312,0.052,4.245,
India,2018,0.721,0.539,0.093,4.19,
Niger,2018,0.131,0.39,0.099,4.166,
Uganda,2018,0.322,0.45,0.061,4.161,
Benin,2018,0.378,0.44,0.067,4.141,
Sudan,2018,0.605,0.016,0.082,4.139,
Ukraine,2018,0.793,0.163,0.011,4.103,
Togo,2018,0.259,0.434,0.101,3.999,
Guinea,2018,0.344,0.394,0.094,3.964,
Lesotho,2018,0.472,0.423,0.112,3.808,
Angola,2018,0.73,0,0.061,3.795,
Madagascar,2018,0.262,0.221,0.049,3.774,
Zimbabwe,2018,0.357,0.406,0.099,3.692,
Afghanistan,2018,0.332,0.085,0.036,3.632,
Botswana,2018,1.017,0.557,0.092,3.59,
Malawi,2018,0.186,0.531,0.08,3.587,
Haiti,2018,0.315,0.025,0.104,3.582,
Liberia,2018,0.076,0.419,0.03,3.495,
Syria,2018,0.689,0.088,0.144,3.462,
Rwanda,2018,0.332,0.636,0.444,3.408,
Yemen,2018,0.442,0.244,0.064,3.355,
Tanzania,2018,0.455,0.481,0.097,3.303,
South Sudan,2018,0.337,0.112,0.106,3.254,
Central African Republic,2018,0.024,0.305,0.038,3.083,
Burundi,2018,0.091,0.065,0.076,2.905,
Finland,2019,1.34,0.596,0.393,7.769,
Denmark,2019,1.383,0.592,0.41,7.6,
Norway,2019,1.488,0.603,0.341,7.554,
Iceland,2019,1.38,0.591,0.118,7.494,
Netherlands,2019,1.396,0.557,0.298,7.488,
Switzerland,2019,1.452,0.572,0.343,7.48,
Sweden,2019,1.387,0.574,0.373,7.343,
New Zealand,2019,1.303,0.585,0.38,7.307,
Canada,2019,1.365,0.584,0.308,7.278,
Austria,2019,1.376,0.532,0.226,7.246,
Australia,2019,1.372,0.557,0.29,7.228,
Costa Rica,2019,1.034,0.558,0.093,7.167,
Israel,2019,1.276,0.371,0.082,7.139,
Luxembourg,2019,1.609,0.526,0.316,7.09,
United Kingdom,2019,1.333,0.45,0.278,7.054,
Ireland,2019,1.499,0.516,0.31,7.021,
Germany,2019,1.373,0.495,0.265,6.985,
Belgium,2019,1.356,0.473,0.21,6.923,
United States,2019,1.433,0.454,0.128,6.892,
Czech Republic,2019,1.269,0.457,0.036,6.852,
United Arab Emirates,2019,1.503,0.598,0.182,6.825,
Malta,2019,1.3,0.564,0.151,6.726,
Mexico,2019,1.07,0.433,0.073,6.595,
France,2019,1.324,0.436,0.183,6.592,
Taiwan,2019,1.368,0.351,0.097,6.446,
Chile,2019,1.159,0.357,0.056,6.444,
Guatemala,2019,0.8,0.535,0.078,6.436,
Saudi Arabia,2019,1.403,0.439,0.132,6.375,
Qatar,2019,1.684,0.555,0.167,6.374,
Spain,2019,1.286,0.362,0.079,6.354,
Panama,2019,1.149,0.516,0.054,6.321,
Brazil,2019,1.004,0.39,0.086,6.3,
Uruguay,2019,1.124,0.523,0.15,6.293,
Singapore,2019,1.572,0.556,0.453,6.262,
El Salvador,2019,0.794,0.43,0.074,6.253,
Italy,2019,1.294,0.231,0.03,6.223,
Bahrain,2019,1.362,0.536,0.11,6.199,
Slovakia,2019,1.246,0.334,0.014,6.198,
Trinidad & Tobago,2019,1.231,0.489,0.016,6.192,
Poland,2019,1.206,0.483,0.05,6.182,
Uzbekistan,2019,0.745,0.631,0.24,6.174,
Lithuania,2019,1.238,0.291,0.042,6.149,
Colombia,2019,0.985,0.47,0.034,6.125,
Slovenia,2019,1.258,0.564,0.057,6.118,
Nicaragua,2019,0.694,0.435,0.127,6.105,
Kosovo,2019,0.882,0.489,0.006,6.1,
Argentina,2019,1.092,0.471,0.05,6.086,
Romania,2019,1.162,0.462,0.005,6.07,
Cyprus,2019,1.263,0.406,0.041,6.046,
Ecuador,2019,0.912,0.498,0.087,6.028,
Kuwait,2019,1.5,0.493,0.097,6.021,
Thailand,2019,1.05,0.557,0.028,6.008,
Latvia,2019,1.187,0.264,0.064,5.94,
South Korea,2019,1.301,0.159,0.056,5.895,
Estonia,2019,1.237,0.495,0.161,5.893,
Jamaica,2019,0.831,0.49,0.028,5.89,
Mauritius,2019,1.12,0.498,0.06,5.888,
Japan,2019,1.327,0.445,0.14,5.886,
Honduras,2019,0.642,0.507,0.078,5.86,
Kazakhstan,2019,1.173,0.41,0.096,5.809,
Bolivia,2019,0.776,0.511,0.064,5.779,
Hungary,2019,1.201,0.199,0.02,5.758,
Paraguay,2019,0.855,0.514,0.08,5.743,
Northern Cyprus,2019,1.263,0.417,0.162,5.718,
Peru,2019,0.96,0.455,0.027,5.697,
Portugal,2019,1.221,0.508,0.025,5.693,
Pakistan,2019,0.677,0.313,0.098,5.653,
Russia,2019,1.183,0.334,0.031,5.648,
Philippines,2019,0.807,0.558,0.107,5.631,
Serbia,2019,1.004,0.282,0.039,5.603,
Moldova,2019,0.685,0.245,0,5.529,
Libya,2019,1.044,0.416,0.152,5.525,
Montenegro,2019,1.051,0.197,0.08,5.523,
Tajikistan,2019,0.493,0.389,0.144,5.467,
Croatia,2019,1.155,0.296,0.022,5.432,
Hong Kong,2019,1.438,0.44,0.287,5.43,
Dominican Republic,2019,1.015,0.497,0.101,5.425,
Bosnia and Herzegovina,2019,0.945,0.212,0.006,5.386,
Turkey,2019,1.183,0.195,0.106,5.373,
Malaysia,2019,1.221,0.508,0.024,5.339,
Belarus,2019,1.067,0.235,0.142,5.323,
Greece,2019,1.181,0.067,0.034,5.287,
Mongolia,2019,0.948,0.317,0.038,5.285,
North Macedonia,2019,0.983,0.345,0.034,5.274,
Nigeria,2019,0.696,0.426,0.041,5.265,
Kyrgyzstan,2019,0.551,0.508,0.023,5.261,
Turkmenistan,2019,1.052,0.394,0.028,5.247,
Algeria,2019,1.002,0.086,0.114,5.211,
Morocco,2019,0.801,0.418,0.076,5.208,
Azerbaijan,2019,1.043,0.351,0.182,5.208,
Lebanon,2019,0.987,0.216,0.027,5.197,
Indonesia,2019,0.931,0.491,0.028,5.192,
China,2019,1.029,0.521,0.1,5.191,
Vietnam,2019,0.741,0.543,0.073,5.175,
Bhutan,2019,0.813,0.457,0.167,5.082,
Cameroon,2019,0.549,0.381,0.037,5.044,
Bulgaria,2019,1.092,0.311,0.004,5.011,
Ghana,2019,0.611,0.381,0.04,4.996,
Ivory Coast,2019,0.569,0.352,0.09,4.944,
Nepal,2019,0.446,0.439,0.089,4.913,
Jordan,2019,0.837,0.383,0.13,4.906,
Benin,2019,0.393,0.349,0.082,4.883,
Congo (Brazzaville),2019,0.673,0.372,0.093,4.812,
Gabon,2019,1.057,0.295,0.055,4.799,
Laos,2019,0.764,0.547,0.164,4.796,
South Africa,2019,0.96,0.389,0.055,4.722,
Albania,2019,0.947,0.383,0.027,4.719,
Venezuela,2019,0.96,0.154,0.047,4.707,
Cambodia,2019,0.574,0.609,0.062,4.7,
Palestinian Territories,2019,0.657,0.225,0.066,4.696,
Senegal,2019,0.45,0.292,0.072,4.681,
Somalia,2019,0,0.559,0.27,4.668,
Namibia,2019,0.879,0.401,0.056,4.639,
Niger,2019,0.138,0.318,0.102,4.628,
Burkina Faso,2019,0.331,0.255,0.113,4.587,
Armenia,2019,0.85,0.283,0.064,4.559,
Iran,2019,1.1,0.305,0.125,4.548,
Guinea,2019,0.38,0.332,0.086,4.534,
Georgia,2019,0.886,0.346,0.164,4.519,
Gambia,2019,0.308,0.382,0.167,4.516,
Kenya,2019,0.512,0.431,0.053,4.509,
Mauritania,2019,0.57,0.066,0.088,4.49,
Mozambique,2019,0.204,0.494,0.138,4.466,
Tunisia,2019,0.921,0.167,0.055,4.461,
Bangladesh,2019,0.562,0.527,0.143,4.456,
Iraq,2019,1.043,0.241,0.089,4.437,
Congo (Kinshasa),2019,0.094,0.269,0.053,4.418,
Mali,2019,0.385,0.327,0.052,4.39,
Sierra Leone,2019,0.268,0.309,0.045,4.374,
Sri Lanka,2019,0.949,0.47,0.047,4.366,
Myanmar,2019,0.71,0.525,0.172,4.36,
Chad,2019,0.35,0.174,0.078,4.35,
Ukraine,2019,0.82,0.178,0.01,4.332,
Ethiopia,2019,0.336,0.344,0.1,4.286,
Swaziland,2019,0.811,0.313,0.135,4.212,
Uganda,2019,0.332,0.356,0.06,4.189,
Egypt,2019,0.913,0.241,0.067,4.166,
Zambia,2019,0.578,0.431,0.087,4.107,
Togo,2019,0.275,0.293,0.085,4.085,
India,2019,0.755,0.498,0.085,4.015,
Liberia,2019,0.073,0.37,0.033,3.975,
Comoros,2019,0.274,0.142,0.078,3.973,
Madagascar,2019,0.274,0.148,0.041,3.933,
Lesotho,2019,0.489,0.359,0.093,3.802,
Burundi,2019,0.046,0.22,0.18,3.775,
Zimbabwe,2019,0.366,0.361,0.089,3.663,
Haiti,2019,0.323,0.026,0.11,3.597,
Botswana,2019,1.041,0.455,0.1,3.488,
Syria,2019,0.619,0.013,0.141,3.462,
Malawi,2019,0.191,0.443,0.089,3.41,
Yemen,2019,0.287,0.143,0.077,3.38,
Rwanda,2019,0.359,0.555,0.411,3.334,
Tanzania,2019,0.476,0.417,0.147,3.231,
Afghanistan,2019,0.35,0,0.025,3.203,
Central African Republic,2019,0.026,0.225,0.035,3.083,
South Sudan,2019,0.306,0.01,0.091,2.853,
