country_name,year,gdp,social_support,freedom,energy_consumption_per_capita,trust,generosity,deaths_per_capita,area,population_density,happiness_score,category
Switzerland,2015,1.39651,1.34951,0.66557,,0.41978,0.29678,,39516,211.28985727300335,7.587,Developed Country
Iceland,2015,1.30232,1.40223,0.62877,,0.14145,0.4363,,100250,3.297436408977556,7.561,Developed Country
Denmark,2015,1.32548,1.36058,0.64938,,0.48357,0.34139,,42430,134.20103700212115,7.527,Developed Country
Norway,2015,1.459,1.33095,0.66973,0.000005750790637866196,0.36503,0.34699,,365268,14.28177119265854,7.522,Developed Country
Canada,2015,1.32629,1.32261,0.63297,0.000007829819455153575,0.32957,0.45811,,9093510,3.9746888715138597,7.427,Developed Country
Finland,2015,1.29025,1.31826,0.64169,,0.41372,0.23351,,303890,18.09673566092994,7.406,Developed Country
Netherlands,2015,1.32944,1.28017,0.61576,0.0000042470775092825185,0.31814,0.4761,,33720,502.75308422301305,7.378,Developed Country
Sweden,2015,1.33171,1.28907,0.6598,0.0000044917195660223055,0.43844,0.36262,,410340,23.87240580981625,7.364,Developed Country
New Zealand,2015,1.25018,1.31967,0.63938,0.000004532532902411761,0.42922,0.47501,,263310,17.595879381717367,7.286,Developed Country
Australia,2015,1.33358,1.30923,0.65124,0.00000527687953100092,0.35637,0.43562,,7682300,3.132818817281283,7.284,Developed Country
Israel,2015,1.22857,1.22393,0.41319,,0.07785,0.33172,,21640,369.58073012939,7.278,Developed Country
Costa Rica,2015,0.95578,1.23788,0.63376,,0.10583,0.25497,,51060,95.36570701135919,7.226,Developing Country
Austria,2015,1.33723,1.29704,0.62433,,0.18676,0.33088,,82409,106.28549066242765,7.2,Developed Country
Mexico,2015,1.02054,0.91451,0.48181,0.000001511686002846611,0.21312,0.14074,,1943950,62.9542488232722,7.187,Developing Country
United States,2015,1.39451,1.24711,0.54604,0.000006814810321351075,0.1589,0.40105,,9147420,35.16318109368543,7.119,Developed Country
Brazil,2015,0.98124,1.23287,0.49049,0.0000014468569867218573,0.17521,0.14574,,8358140,24.559595077373675,6.983,Developing Country
Luxembourg,2015,1.56391,1.21963,0.61583,,0.37798,0.28034,,2590,222.57104247104246,6.946,Developed Country
Ireland,2015,1.33596,1.36948,0.61777,,0.28703,0.45901,,68890,67.80101611264334,6.94,Developed Country
Belgium,2015,1.30782,1.28566,0.5845,0.000004582718778994509,0.2254,0.2225,,30280,374.7350066050198,6.937,Developed Country
United Arab Emirates,2015,1.42727,1.12575,0.64157,0.000008161926609889011,0.38583,0.26428,,83600,111.3819019138756,6.901,Developing Country
United Kingdom,2015,1.26637,1.28548,0.59625,0.0000027505291935047915,0.32067,0.51912,,241930,273.5050841152399,6.867,Developed Country
Oman,2015,1.36011,1.08182,0.63274,,0.32524,0.21542,,309500,14.442190630048465,6.853,Developing Country
Venezuela,2015,1.04424,1.25596,0.42908,0.0000022206011063104104,0.11069,0.05841,,882050,32.67504676605635,6.81,Developing Country
Singapore,2015,1.52186,1.02,0.54252,,0.4921,0.31105,,700,8040.424285714285,6.798,Developed Country
Panama,2015,1.06353,1.1985,0.5421,,0.0927,0.24434,,74340,53.600430454667745,6.786,Developing Country
Germany,2015,1.32792,1.29937,0.61477,0.000003745613858897344,0.21843,0.28214,,348560,236.67802100068855,6.75,Developed Country
Chile,2015,1.10715,1.12447,0.44132,0.0000019646591651977657,0.12869,0.33363,,743532,24.6442506845704,6.67,Developing Country
Qatar,2015,1.69042,1.0786,0.6404,,0.52208,0.32573,,11610,227.76520241171403,6.611,Developing Country
France,2015,1.27778,1.26038,0.55011,0.000003917620766041035,0.20646,0.12332,,547557,117.94208274207068,6.575,Developed Country
Argentina,2015,1.05351,1.24823,0.44974,0.0000019216538039727436,0.08484,0.11451,,2736690,15.78255593435866,6.574,Developing Country
Czech Republic,2015,1.17898,1.20643,0.46364,,0.02652,0.10686,,,,6.505,Developed Country
Uruguay,2015,1.06166,1.2089,0.60362,,0.24558,0.2324,,175020,19.51698091646669,6.485,Developing Country
Colombia,2015,0.91861,1.24018,0.53466,0.0000008495823204654352,0.0512,0.18401,,1109500,43.49617665615142,6.477,Developing Country
Thailand,2015,0.9669,1.26504,0.55664,0.0000019721922059080036,0.03187,0.5763,,510890,134.97777603789464,6.455,Developing Country
Saudi Arabia,2015,1.39541,1.08393,0.31048,0.000006712404451952531,0.32524,0.13706,,2149690,14.969241611581205,6.411,Developing Country
Spain,2015,1.23011,1.31379,0.45951,0.0000025070728381800195,0.06398,0.18227,,498800,93.56048516439455,6.329,Developed Country
Malta,2015,1.2074,1.30203,0.60365,,0.13586,0.51752,,320,1362.171875,6.302,Developed Country
Taiwan,2015,1.29098,1.07617,0.3974,0.000004532002353422231,0.08129,0.25376,,35410,666.7572154758543,6.298,Developed Country
Kuwait,2015,1.55422,1.16594,0.55499,0.000008325176342371616,0.25609,0.16228,,17820,222.43995510662177,6.295,Developing Country
Suriname,2015,0.99534,0.972,0.59657,,0.13633,0.16991,,156000,3.597698717948718,6.269,Developing Country
Trinidad and Tobago,2015,1.21183,1.18354,0.55884,,0.0114,0.31844,,5130,268.5590643274854,6.168,Developing Country
El Salvador,2015,0.76454,1.02507,0.4035,,0.11776,0.10692,,20720,305.4374034749035,6.13,Developing Country
Guatemala,2015,0.74553,1.04356,0.57733,,0.09472,0.27489,,107160,152.11741321388578,6.123,Developing Country
Uzbekistan,2015,0.63244,1.34043,0.65821,0.0000012534393653045862,0.30826,0.22837,,425400,73.1414880112835,6.003,Developing Country
Slovakia,2015,1.16891,1.26999,0.31751,,0.03431,0.16893,,48088,113.27075361836633,5.995,Developed Country
Japan,2015,1.27074,1.25712,0.49615,0.0000033819949942733628,0.1806,0.10705,,364555,352.0089533815199,5.987,Developed Country
South Korea,2015,1.24461,0.95774,0.33208,0.000005542760527029174,0.07857,0.18557,,97230,525.1217834001851,5.984,Developed Country
Ecuador,2015,0.86402,0.99903,0.48574,,0.1809,0.11541,,248360,65.79819616685457,5.975,Developing Country
Bahrain,2015,1.32376,1.21624,0.45492,,0.306,0.17362,,760,1854.0026315789473,5.96,Developing Country
Italy,2015,1.25114,1.19777,0.26236,0.000002512840079030627,0.02901,0.22823,,294140,207.00102332222752,5.948,Developed Country
Bolivia,2015,0.68133,0.97841,0.57414,,0.088,0.20536,,1083300,10.062403766269732,5.89,Developing Country
Moldova,2015,0.59448,1.01528,0.32818,,0.01615,0.20951,,32850,124.16420091324201,5.889,Developing Country
Paraguay,2015,0.75985,1.30477,0.53899,,0.08242,0.3424,,397300,16.884075006292473,5.878,Developing Country
Kazakhstan,2015,1.12254,1.12241,0.51649,0.0000031093064821917014,0.08454,0.11827,,2699700,6.552147275623217,5.855,Developing Country
Slovenia,2015,1.18498,1.27385,0.60855,,0.03787,0.25328,,20140,103.15635551142006,5.848,Developed Country
Lithuania,2015,1.14723,1.25745,0.21342,,0.01031,0.02641,,62674,46.303570858729294,5.833,Developed Country
Nicaragua,2015,0.59325,1.14184,0.55475,,0.19317,0.27815,,120340,51.87647498753532,5.828,Developing Country
Peru,2015,0.90019,0.97459,0.41496,,0.05989,0.14982,,1280000,24.01813046875,5.824,Developing Country
Belarus,2015,1.03192,1.23289,0.37938,,0.1909,0.11046,,202910,46.64241289241536,5.813,Developing Country
Poland,2015,1.12555,1.27948,0.53122,0.000002523324919008498,0.04212,0.16759,,306230,124.23681873101917,5.791,Developed Country
Malaysia,2015,1.12486,1.07023,0.53024,0.0000028001188831650068,0.10501,0.33075,,328550,92.39340739613453,5.77,Developing Country
Croatia,2015,1.08254,0.79624,0.25883,,0.0243,0.05444,,55960,75.51651179413867,5.759,Developed Country
Libya,2015,1.13145,1.11862,0.41668,,0.11023,0.18295,,1759540,3.64757095604533,5.754,Developing Country
Russia,2015,1.13764,1.23617,0.36679,0.000004758488185044628,0.03005,0.00199,,16376870,8.892693780923949,5.716,Developing Country
Jamaica,2015,0.81038,1.15102,0.50442,,0.02299,0.2123,,10830,267.6813481071099,5.709,Developing Country
North Cyprus,2015,1.20806,1.07008,0.49027,,0.1428,0.26169,,,,5.695,
Cyprus,2015,1.20813,0.89318,0.40672,,0.06146,0.30638,,9240,126.07857142857142,5.689,Developed Country
Algeria,2015,0.93929,1.07772,0.28579,0.0000014001883953485942,0.17383,0.07822,,2381740,16.792184705299487,5.605,Developing Country
Kosovo,2015,0.80148,0.81198,0.24749,,0.04741,0.2831,,,,5.589,
Turkmenistan,2015,0.95847,1.22668,0.4761,,0.30844,0.16979,,469930,11.918236758666184,5.548,Developing Country
Mauritius,2015,1.00761,0.98521,0.56066,,0.07521,0.37744,,2030,621.4975369458128,5.477,Developing Country
Hong Kong,2015,1.38604,1.05818,0.59608,,0.37124,0.39478,,1050,6860.369523809524,5.474,
Estonia,2015,1.15174,1.22791,0.44888,,0.15184,0.0868,,42390,31.192686954470393,5.429,Developed Country
Indonesia,2015,0.82827,1.08708,0.46611,0.0000007860321622398126,0,0.51535,,1811570,143.2632274767191,5.399,Developing Country
Vietnam,2015,0.63216,0.91226,0.59444,,0.10441,0.1686,,310070,300.2794562518141,5.36,Developing Country
Turkey,2015,1.06098,0.94632,0.22815,0.0000016135492103740458,0.15746,0.12253,,769630,103.87846107870016,5.332,Developing Country
Kyrgyzstan,2015,0.47428,1.15115,0.43477,,0.04232,0.3003,,191800,31.28624087591241,5.286,Developing Country
Nigeria,2015,0.65435,0.90432,0.34334,0.0000008006431560951236,0.0403,0.27233,,910770,198.84757073684904,5.268,Developing Country
Bhutan,2015,0.77042,1.10395,0.53206,,0.15445,0.47998,,38117,19.16438859301624,5.253,Least Developed Country
Azerbaijan,2015,1.02389,0.93793,0.3703,,0.16065,0.07799,,82658,117.32298144160275,5.212,Developing Country
Pakistan,2015,0.59543,0.41411,0.12102,,0.10464,0.33671,,770880,259.4147908883354,5.194,Developing Country
Jordan,2015,0.90198,1.05392,0.40661,,0.14293,0.11053,,88780,109.4098220319892,5.192,Developing Country
Montenegro,2015,0.97438,0.90557,0.1826,,0.14296,0.1614,,13450,46.668029739776955,5.192,Developing Country
China,2015,0.89012,0.94675,0.51697,0.000002119499856988977,0.02781,0.08185,,9388211,150.46502533869338,5.14,Developing Country
Zambia,2015,0.47038,0.91612,0.48827,,0.12468,0.19591,,743390,21.326128949811,5.129,Least Developed Country
Romania,2015,1.04345,0.88588,0.35068,0.0000016121769335971526,0.00649,0.13748,,230170,86.23599078941652,5.124,Developed Country
Serbia,2015,0.92053,1.00964,0.20107,,0.02617,0.19231,,87460,101.82255888406128,5.123,Developing Country
Portugal,2015,1.15991,1.13935,0.51469,0.00000212790673268723,0.01078,0.13719,,91590,112.8813080030571,5.102,Developed Country
Latvia,2015,1.11312,1.09562,0.29671,,0.06332,0.18226,,62200,31.91532154340836,5.098,Developed Country
Philippines,2015,0.70532,1.03516,0.62545,,0.12279,0.24991,,298170,343.7904718784586,5.073,Developing Country
Somaliland region,2015,0.18847,0.95152,0.46582,,0.39928,0.50318,,,,5.057,
Morocco,2015,0.73479,0.64095,0.41691,,0.08546,0.07172,,446300,77.95578982747031,5.013,Developing Country
Macedonia,2015,0.91851,1.00232,0.33457,,0.05327,0.22359,,,,5.007,
Mozambique,2015,0.08308,1.02626,0.34037,,0.15603,0.22269,,786380,34.27327373534423,4.971,Least Developed Country
Albania,2015,0.87867,0.80434,0.35733,,0.06413,0.14272,,27400,105.57806569343066,4.959,Developing Country
Bosnia and Herzegovina,2015,0.83223,0.91916,0.09245,,0.00227,0.24808,,51000,66.23641176470588,4.949,Developing Country
Lesotho,2015,0.37545,1.04103,0.31767,,0.12504,0.16388,,30360,67.86195652173913,4.898,Least Developed Country
Dominican Republic,2015,0.89537,1.17202,0.57672,,0.14234,0.21684,,48320,213.615625,4.885,Developing Country
Laos,2015,0.59066,0.73803,0.59591,,0.24249,0.42192,,230800,29.3025,4.876,Least Developed Country
Mongolia,2015,0.82819,1.3006,0.43626,,0.02666,0.3323,,1553560,1.944969618167306,4.874,Developing Country
Swaziland,2015,0.71206,1.07284,0.30658,,0.0306,0.18259,,,,4.867,Developing Country
Greece,2015,1.15406,0.92933,0.07699,,0.01397,0,,128900,82.74585725368503,4.857,Developed Country
Lebanon,2015,1.02564,0.80001,0.33916,,0.04582,0.21854,,10230,681.4580645161291,4.839,Developing Country
Hungary,2015,1.12094,1.20215,0.32112,,0.02758,0.128,,90530,108.0042306417762,4.8,Developed Country
Honduras,2015,0.59532,0.95348,0.40148,,0.06825,0.23027,,111890,81.67738850656895,4.788,Developing Country
Tajikistan,2015,0.39047,0.85563,0.47216,,0.15072,0.22974,,139960,60.661438982566445,4.786,Developing Country
Tunisia,2015,0.88113,0.60429,0.26268,,0.06358,0.06431,,155360,72.22205200823893,4.739,Developing Country
Palestinian Territories,2015,0.59867,0.92558,0.24499,,0.12905,0.11251,,,,4.715,
Bangladesh,2015,0.39753,0.43106,0.4082,,0.12569,0.21222,,130170,1204.2424675424445,4.694,Least Developed Country
Iran,2015,1.0088,0.54447,0.30033,0.0000030210056488616846,0.05863,0.38086,,1628550,48.37537257069172,4.686,Developing Country
Ukraine,2015,0.79907,1.20278,0.25123,0.0000020673118517254583,0.02961,0.15275,,579320,77.6530345922806,4.681,Developing Country
Iraq,2015,0.98549,0.81889,0,,0.13788,0.17922,,434320,82.44893626818936,4.677,Developing Country
South Africa,2015,0.92049,1.18468,0.33207,0.0000023166179590258167,0.08884,0.11973,,1213090,45.90312672596427,4.642,Developing Country
Ghana,2015,0.54558,0.67954,0.42342,,0.04355,0.23087,,227540,122.642207963435,4.633,Developing Country
Zimbabwe,2015,0.271,1.03276,0.25861,,0.08079,0.18987,,386850,35.705030373529794,4.61,Developing Country
Liberia,2015,0.0712,0.78968,0.28531,,0.06232,0.24362,,96320,46.468812292358805,4.571,Least Developed Country
India,2015,0.64499,0.38174,0.39786,0.0000006352650786532383,0.08492,0.26475,,2973190,442.088105031969,4.565,Developing Country
Sudan,2015,0.52107,1.01404,0.10081,,0.1466,0.19062,,1765048,22.004587977210818,4.55,Least Developed Country
Haiti,2015,0.26673,0.74302,0.24425,,0.17175,0.46187,,27560,389.29974600870827,4.518,Least Developed Country
Congo (Kinshasa),2015,0,1.0012,0.22605,,0.07625,0.24834,,,,4.517,
Nepal,2015,0.35997,0.86449,0.38282,,0.05907,0.32296,,143350,185.45312870596442,4.514,Least Developed Country
Ethiopia,2015,0.19073,0.60406,0.4345,,0.15048,0.24325,,1000000,101.010158,4.512,Least Developed Country
Sierra Leone,2015,0.33024,0.95571,0.4084,,0.08786,0.21488,,72180,99.5472152950956,4.507,Least Developed Country
Mauritania,2015,0.45407,0.86908,0.24232,,0.17461,0.219,,1030700,3.929334432909673,4.436,Least Developed Country
Kenya,2015,0.36471,0.99876,0.42215,,0.05839,0.37542,,569140,84.30636574480796,4.419,Developing Country
Djibouti,2015,0.44025,0.59207,0.46074,,0.28105,0.18093,,23180,39.613761863675585,4.369,Least Developed Country
Armenia,2015,0.76821,0.77711,0.19847,,0.039,0.07855,,28470,103.14924481910784,4.35,Developing Country
Botswana,2015,0.99355,1.10464,0.49495,,0.12474,0.10461,,566730,3.74064369276375,4.332,Developing Country
Myanmar,2015,0.27108,0.70905,0.44017,,0.19034,0.79588,,653290,80.59414961196406,4.307,Least Developed Country
Georgia,2015,0.7419,0.38562,0.40577,,0.38331,0.05547,,69490,57.93344366095841,4.297,Developing Country
Malawi,2015,0.01604,0.41134,0.43054,,0.06977,0.33128,,94280,177.189212982605,4.292,Least Developed Country
Sri Lanka,2015,0.83524,1.01905,0.53726,,0.09179,0.40828,,62710,334.5780577260405,4.271,Developing Country
Cameroon,2015,0.4225,0.88767,0.49309,,0.05786,0.20618,,472710,49.30648600621946,4.252,Developing Country
Bulgaria,2015,1.01216,1.10614,0.30587,,0.00872,0.11921,,108560,66.29871039056742,4.218,Developed Country
Egypt,2015,0.8818,0.747,0.17288,0.0000008716475051462984,0.06324,0.11291,,995450,93.35222562660104,4.194,Developing Country
Yemen,2015,0.54649,0.68093,0.35571,,0.07854,0.09131,,527970,50.41054984184707,4.077,Least Developed Country
Angola,2015,0.75778,0.8604,0.10384,,0.07122,0.12344,,1246700,22.3206793935991,4.033,Least Developed Country
Mali,2015,0.26074,1.03526,0.38857,,0.12352,0.18798,,1220190,14.245401126054139,3.995,Least Developed Country
Congo (Brazzaville),2015,0.67866,0.6629,0.41466,,0.11686,0.12388,,,,3.989,
Comoros,2015,0.23906,0.79273,0.22917,,0.199,0.17441,,1861,418.65663621708757,3.956,Least Developed Country
Uganda,2015,0.21102,1.13299,0.45727,,0.07267,0.29066,,199810,193.27294429708223,3.931,Least Developed Country
Senegal,2015,0.36498,0.97619,0.36772,,0.10713,0.20843,,192530,75.72183555809484,3.904,Least Developed Country
Gabon,2015,1.06024,0.90528,0.31914,,0.11091,0.06822,,257670,7.6402879652268405,3.896,Developing Country
Niger,2015,0.0694,0.77265,0.47692,,0.15639,0.19387,,1266700,15.68392121259967,3.845,Least Developed Country
Cambodia,2015,0.46038,0.62736,0.66246,,0.07247,0.40359,,176520,88.35448107863132,3.819,Least Developed Country
Tanzania,2015,0.2852,1.00268,0.32878,,0.05747,0.34377,,885800,57.99122262361707,3.781,Least Developed Country
Madagascar,2015,0.20824,0.66801,0.19184,,0.08124,0.21333,,581795,41.59513402487131,3.681,Least Developed Country
Central African Republic,2015,0.0785,0,0.48879,,0.08289,0.23835,,622980,7.096606632636682,3.678,Least Developed Country
Chad,2015,0.34193,0.76062,0.23501,,0.05269,0.18386,,1259200,11.203888977128335,3.667,Least Developed Country
Guinea,2015,0.17417,0.46475,0.37725,,0.12139,0.28657,,245720,46.32725866840306,3.656,Least Developed Country
Ivory Coast,2015,0.46534,0.77115,0.46866,,0.17922,0.20165,,,,3.655,
Burkina Faso,2015,0.25812,0.85188,0.39493,,0.12832,0.21747,,273600,66.11044225146199,3.587,Least Developed Country
Afghanistan,2015,0.31982,0.30285,0.23414,,0.09719,0.3651,,652860,53.060870630763105,3.575,Least Developed Country
Rwanda,2015,0.22208,0.7737,0.59201,,0.55191,0.22628,,24670,461.2469801378192,3.465,Least Developed Country
Benin,2015,0.28665,0.35386,0.4845,,0.0801,0.1826,,112760,93.69665661582121,3.34,Least Developed Country
Syria,2015,0.6632,0.47489,0.15684,,0.18906,0.47179,,183630,83.96469531122365,3.006,Developing Country
Burundi,2015,0.0153,0.41587,0.1185,,0.10062,0.19727,,25680,395.14929906542056,2.905,Least Developed Country
Togo,2015,0.20868,0.13995,0.36453,,0.10731,0.16681,,54390,134.75168229453945,2.839,Least Developed Country
Denmark,2016,1.44178,1.16374,0.57941,,0.44453,0.36171,,42430,134.6800848456281,7.526,Developed Country
Switzerland,2016,1.52733,1.14524,0.58557,,0.41203,0.28083,,39516,212.8906518878429,7.509,Developed Country
Iceland,2016,1.42666,1.18326,0.56624,,0.14975,0.47678,,100250,3.319501246882793,7.501,Developed Country
Norway,2016,1.57744,1.1269,0.59609,0.000005514295525928788,0.35776,0.37895,,365268,14.39780654204584,7.498,Developed Country
Finland,2016,1.40598,1.13464,0.57104,,0.41004,0.25492,,303890,18.124916910724274,7.413,Developed Country
Canada,2016,1.44015,1.0961,0.5737,0.000007868407330175369,0.31329,0.44834,,9093510,4.011100224225849,7.404,Developed Country
Netherlands,2016,1.46468,1.02912,0.55211,0.0000043553555806465894,0.29927,0.47416,,33720,503.8723606168446,7.339,Developed Country
New Zealand,2016,1.36066,1.17278,0.58147,0.0000044945349665189245,0.41904,0.49401,,263310,17.744639398427708,7.334,Developed Country
Australia,2016,1.44443,1.10476,0.56837,0.0000052126216038949365,0.32331,0.47407,,7682300,3.1714382411517383,7.313,Developed Country
Sweden,2016,1.45181,1.08764,0.58218,0.000004868801521175889,0.40867,0.38254,,410340,24.02565920943608,7.291,Developed Country
Israel,2016,1.33766,0.99537,0.36432,,0.08728,0.32288,,21640,375.8726894639556,7.267,Developed Country
Austria,2016,1.45038,1.08383,0.54355,,0.21348,0.32865,,82409,106.90794694754214,7.119,Developed Country
United States,2016,1.50796,1.04782,0.48163,0.000006699833727927169,0.14868,0.41077,,9147420,35.375015031560814,7.104,Developed Country
Costa Rica,2016,1.06879,1.02152,0.55225,,0.10547,0.22553,,51060,96.27751664708187,7.087,Developing Country
Puerto Rico,2016,1.35943,1.08113,0.46823,,0.12275,0.22202,,8870,353.6730552423901,7.039,
Germany,2016,1.44787,1.09774,0.53466,0.000003745617567033384,0.28551,0.30452,,348560,237.4437342207941,6.994,Developed Country
Brazil,2016,1.08754,1.03938,0.40425,0.0000013879322741665896,0.14166,0.15776,,8358140,24.740244121299714,6.952,Developing Country
Belgium,2016,1.42539,1.05249,0.51354,0.0000049134569143788895,0.26248,0.2424,,30280,376.3960039630119,6.929,Developed Country
Ireland,2016,1.48341,1.16157,0.54008,,0.29754,0.44963,,68890,68.60361445783133,6.907,Developed Country
Luxembourg,2016,1.69752,1.03999,0.5487,,0.35329,0.27571,,2590,226.52818532818532,6.871,Developed Country
Mexico,2016,1.11508,0.7146,0.37709,0.0000014951049133705503,0.18355,0.11735,,1943950,63.65242727436405,6.778,Developing Country
Singapore,2016,1.64555,0.86758,0.4877,,0.46987,0.32706,,700,8106.145714285714,6.739,Developed Country
United Kingdom,2016,1.40283,1.08672,0.50036,0.0000026907208492263743,0.27399,0.50156,,241930,274.97591865415615,6.725,Developed Country
Chile,2016,1.2167,0.90587,0.37789,0.0000020553926146065285,0.11451,0.31595,,743532,24.865038760941022,6.705,Developing Country
Panama,2016,1.18306,0.98912,0.48927,,0.08423,0.2418,,74340,54.519558783965564,6.701,Developing Country
Argentina,2016,1.15137,1.06612,0.42284,0.0000018804294533958492,0.07296,0.10989,,2736690,15.934234421874601,6.65,Developing Country
Czech Republic,2016,1.30915,1.00793,0.41418,,0.03986,0.09929,,,,6.596,Developed Country
United Arab Emirates,2016,1.57352,0.87114,0.56215,0.000008376274996288992,0.35561,0.26591,,83600,112.8157894736842,6.573,Developing Country
Uruguay,2016,1.18157,1.03143,0.54388,,0.21394,0.18056,,175020,19.58552165466804,6.545,Developing Country
Malta,2016,1.30782,1.09879,0.54994,,0.17554,0.56237,,320,1365.83125,6.488,Developed Country
Colombia,2016,1.03032,1.02169,0.44735,0.000000860612424915664,0.05399,0.15626,,1109500,43.98599008562415,6.481,Developing Country
France,2016,1.39488,1.00508,0.46562,0.000003831666486310537,0.17808,0.1216,,547557,118.20467275553048,6.478,Developed Country
Thailand,2016,1.0893,1.04477,0.49553,0.0000020106116321086406,0.02833,0.58696,,510890,135.3191332772221,6.474,Developing Country
Saudi Arabia,2016,1.48953,0.84829,0.37904,0.00000656998661433983,0.30008,0.15457,,2149690,15.222926096320865,6.379,Developing Country
Taiwan,2016,1.39729,0.92624,0.32377,0.000004608339352360053,0.0663,0.25495,,35410,667.9687094041232,6.379,Developed Country
Qatar,2016,1.82427,0.87964,0.56679,,0.48049,0.32388,,11610,231.984496124031,6.375,Developing Country
Spain,2016,1.34253,1.12945,0.37545,0.0000025275258272442095,0.06137,0.17665,,498800,93.59657578187651,6.361,Developed Country
Algeria,2016,1.05266,0.83309,0.21006,0.000001372797738256892,0.16157,0.07044,,2381740,17.127229672424363,6.355,Developing Country
Guatemala,2016,0.83454,0.87119,0.50379,,0.08701,0.28808,,107160,155.23514371033968,6.324,Developing Country
Suriname,2016,1.09686,0.77866,0.52234,,0.12692,0.16665,,156000,3.6314166666666665,6.269,Developing Country
Kuwait,2016,1.61714,0.87758,0.43166,0.000008938840453616356,0.23669,0.15965,,17820,226.0026936026936,6.239,Developing Country
Bahrain,2016,1.44024,0.94397,0.47375,,0.25772,0.17147,,760,1933.4802631578948,6.218,Developing Country
Trinidad and Tobago,2016,1.32572,0.98569,0.48453,,0.01241,0.31935,,5130,269.4391812865497,6.168,Developing Country
Venezuela,2016,1.13367,1.03302,0.19847,0.0000020528068201618754,0.08304,0.0425,,882050,32.5844748030157,6.084,Developing Country
Slovakia,2016,1.27973,1.08268,0.23391,,0.02947,0.13837,,48088,113.32542422225919,6.078,Developed Country
El Salvador,2016,0.8737,0.80975,0.37269,,0.10613,0.08877,,20720,307.0132722007722,6.068,Developing Country
Malaysia,2016,1.25142,0.88025,0.39031,0.0000028597355602527434,0.09081,0.41474,,328550,93.66025262517121,6.005,Developing Country
Nicaragua,2016,0.69384,0.89521,0.46582,,0.16292,0.29773,,120340,52.53338042213728,5.992,Developing Country
Uzbekistan,2016,0.73591,1.1681,0.60848,0.0000013290350231106532,0.28333,0.34326,,425400,74.28743770568876,5.987,Developing Country
Italy,2016,1.35495,1.04167,0.18827,0.000002483592172980649,0.02556,0.16684,,294140,206.70099952403618,5.977,Developed Country
Ecuador,2016,0.97306,0.85974,0.4027,,0.18037,0.10074,,248360,66.88287969077146,5.976,Developing Country
Belize,2016,0.87616,0.68655,0.51231,,0.10771,0.23684,,22810,16.20977641385357,5.956,Developing Country
Japan,2016,1.38007,1.06054,0.46761,0.000003353061318409329,0.18985,0.10224,,364555,350.95605327042557,5.921,Developed Country
Kazakhstan,2016,1.22943,0.95544,0.4052,0.000003572602426511568,0.11132,0.15011,,2699700,6.635593584472349,5.919,Developing Country
Moldova,2016,0.69177,0.83132,0.25202,,0.01903,0.19997,,32850,123.88109589041096,5.897,Developing Country
Russia,2016,1.23228,1.05261,0.32682,0.00000490059156866536,0.03586,0.02736,,16376870,8.896492186846448,5.856,Developing Country
Poland,2016,1.24585,1.04685,0.4519,0.0000026313099997884425,0.055,0.14443,,306230,124.10241974986121,5.835,Developed Country
South Korea,2016,1.35948,0.72194,0.25168,0.0000057336904685399644,0.07716,0.18824,,97230,525.5730535842847,5.835,Developed Country
Bolivia,2016,0.79422,0.83779,0.50961,,0.07746,0.21698,,1083300,10.21002769315979,5.822,Developing Country
Lithuania,2016,1.2692,1.06411,0.18929,,0.0182,0.02025,,62674,45.707821425152375,5.813,Developed Country
Belarus,2016,1.13062,1.04993,0.29091,,0.17457,0.13942,,202910,46.62719432260608,5.802,Developing Country
North Cyprus,2016,1.31141,0.81826,0.43596,,0.16578,0.26322,,,,5.771,
Slovenia,2016,1.29947,1.05613,0.53164,,0.03635,0.25738,,20140,103.17045680238331,5.768,Developed Country
Peru,2016,0.99602,0.81255,0.37502,,0.05292,0.14527,,1280000,24.3786,5.743,Developing Country
Turkmenistan,2016,1.08017,1.03817,0.37408,,0.28467,0.22567,,469930,12.10786287319388,5.658,Developing Country
Mauritius,2016,1.14372,0.75695,0.46145,,0.05203,0.36951,,2030,622.5320197044335,5.648,Developing Country
Libya,2016,1.06688,0.95076,0.40672,,0.10339,0.17087,,1759540,3.700903076940564,5.615,Developing Country
Latvia,2016,1.21788,0.95025,0.27996,,0.0889,0.17445,,62200,31.58501607717042,5.56,Developed Country
Cyprus,2016,1.31857,0.70697,0.29507,,0.05228,0.27906,,9240,127.02922077922078,5.546,Developed Country
Paraguay,2016,0.89373,1.11111,0.46235,,0.07396,0.25296,,397300,17.105323433173925,5.538,Developing Country
Romania,2016,1.1697,0.72803,0.36712,0.0000016225475700524772,0.00679,0.12889,,230170,85.68480688186992,5.528,Developed Country
Estonia,2016,1.27964,1.05163,0.41511,,0.18519,0.08423,,42390,31.213611700872846,5.517,Developed Country
Jamaica,2016,0.89333,0.96372,0.43597,,0.04294,0.22245,,10830,268.8713758079409,5.51,Developing Country
Croatia,2016,1.18649,0.60809,0.23907,,0.04002,0.18434,,55960,75.06910293066476,5.488,Developed Country
Hong Kong,2016,1.5107,0.87021,0.48079,,0.31647,0.40097,,1050,6918.3,5.458,
Somalia,2016,0,0.33613,0.56778,,0.3118,0.27225,,627340,22.5787929990117,5.44,Least Developed Country
Kosovo,2016,0.90145,0.66062,0.14396,,0.06547,0.27992,,,,5.401,
Turkey,2016,1.16492,0.87717,0.23889,0.0000016943402308398813,0.12348,0.04707,,769630,105.06013538973274,5.389,Developing Country
Indonesia,2016,0.95104,0.87625,0.39237,0.0000007964046347061129,0.00322,0.56521,,1811570,144.8629707932898,5.314,Developing Country
Jordan,2016,0.99673,0.86216,0.36023,,0.13297,0.14262,,88780,110.55242171660284,5.303,Developing Country
Azerbaijan,2016,1.12373,0.76042,0.35327,,0.17914,0.0564,,82658,118.4294563139684,5.291,Developing Country
Philippines,2016,0.81217,0.87877,0.54854,,0.11757,0.21674,,298170,348.7019753831707,5.279,Developing Country
China,2016,1.0278,0.79381,0.44012,0.000002099232273596128,0.02745,0.04959,,9388211,151.0551367028287,5.245,Developing Country
Bhutan,2016,0.8527,0.90836,0.46074,,0.1616,0.48546,,38117,19.387805965842013,5.196,Least Developed Country
Kyrgyzstan,2016,0.56044,0.95434,0.40212,,0.04762,0.38432,,191800,31.851126173096976,5.185,Developing Country
Serbia,2016,1.03437,0.81329,0.15718,,0.04339,0.20737,,87460,101.42393093985822,5.177,Developing Country
Bosnia and Herzegovina,2016,0.93383,0.64367,0.09511,,0,0.29889,,51000,65.84070588235294,5.163,Developing Country
Montenegro,2016,1.07838,0.74173,0.15111,,0.12721,0.17191,,13450,46.67390334572491,5.161,Developing Country
Dominican Republic,2016,1.02787,0.99496,0.52259,,0.12372,0.21286,,48320,215.8704263245033,5.155,Developing Country
Morocco,2016,0.84058,0.38595,0.25646,,0.08404,0.04053,,446300,78.9389648218687,5.151,Developing Country
Hungary,2016,1.24142,0.93164,0.1977,,0.04472,0.099,,90530,107.73550204352148,5.145,Developed Country
Pakistan,2016,0.68816,0.26135,0.14622,,0.1388,0.31185,,770880,265.02788501452886,5.132,Developing Country
Lebanon,2016,1.12268,0.64184,0.26228,,0.03061,0.23693,,10230,678.4993157380254,5.129,Developing Country
Portugal,2016,1.27607,0.94367,0.44727,0.0000021339911716785226,0.01521,0.11691,,91590,112.55946063980784,5.123,Developed Country
Macedonia,2016,1.0193,0.78236,0.27668,,0.07047,0.23507,,,,5.121,
Vietnam,2016,0.74037,0.79117,0.55954,,0.11556,0.25075,,310070,303.10615022414294,5.061,Developing Country
Somaliland Region,2016,0.25558,0.75862,0.3913,,0.36794,0.51479,,,,5.057,
Tunisia,2016,0.97724,0.43165,0.23553,,0.0817,0.03936,,155360,73.01955458290422,5.045,Developing Country
Greece,2016,1.24886,0.75473,0.05822,,0.04127,0,,128900,82.35484871993793,5.033,Developed Country
Tajikistan,2016,0.48835,0.75602,0.43408,,0.13509,0.25998,,139960,62.20921691911975,4.996,Developing Country
Mongolia,2016,0.98853,1.08983,0.35972,,0.03285,0.34539,,1553560,1.9791639846545999,4.907,Developing Country
Laos,2016,0.68042,0.5497,0.52168,,0.22423,0.43079,,230800,29.762227036395146,4.876,Least Developed Country
Nigeria,2016,0.75216,0.64498,0.27854,0.0000008052377300129366,0.0305,0.23219,,910770,204.53066306531835,4.875,Developing Country
Honduras,2016,0.69429,0.75596,0.26755,,0.06906,0.2044,,111890,83.09386897846099,4.871,Developing Country
Iran,2016,1.11758,0.38857,0.22544,0.0000030803615232492916,0.0557,0.38538,,1628550,49.037951551994105,4.813,Developing Country
Zambia,2016,0.61202,0.6376,0.42662,,0.11479,0.17866,,743390,22.02956187196492,4.795,Least Developed Country
Nepal,2016,0.44626,0.69699,0.37012,,0.07008,0.3816,,143350,189.13710498779213,4.793,Least Developed Country
Palestinian Territories,2016,0.67024,0.71629,0.17744,,0.10613,0.11154,,,,4.754,
Albania,2016,0.9553,0.50163,0.31866,,0.05301,0.1684,,27400,105.46419708029197,4.655,Developing Country
Bangladesh,2016,0.54177,0.24749,0.39778,,0.12583,0.19132,,130170,1216.8661289083507,4.643,Least Developed Country
Sierra Leone,2016,0.36485,0.628,0.30685,,0.08196,0.23897,,72180,101.81609864228318,4.635,Least Developed Country
Iraq,2016,1.07474,0.59205,0.24856,,0.13636,0.19589,,434320,84.55040523116595,4.575,Developing Country
Namibia,2016,0.93287,0.70362,0.48614,,0.10398,0.07795,,823290,2.8703895346718653,4.574,Developing Country
Cameroon,2016,0.52497,0.62542,0.42736,,0.06126,0.2268,,472710,50.72275179285397,4.513,Developing Country
Ethiopia,2016,0.29283,0.37932,0.36703,,0.1717,0.29522,,1000000,103.895016,4.508,Least Developed Country
South Africa,2016,1.02416,0.96053,0.42483,0.0000023921306768184674,0.08415,0.13656,,1213090,46.52172880825,4.459,Developing Country
Sri Lanka,2016,0.97318,0.84783,0.50817,,0.07964,0.46978,,62710,336.00551746132993,4.415,Developing Country
India,2016,0.74036,0.29247,0.40285,0.0000006415669588028259,0.08722,0.25028,,2973190,446.6578200518635,4.404,Developing Country
Myanmar,2016,0.34112,0.69981,0.42692,,0.20243,0.81971,,653290,81.15191109614413,4.395,Least Developed Country
Egypt,2016,0.95395,0.49813,0.18847,0.0000009275479246094107,0.10393,0.12706,,995450,95.30745291074389,4.362,Developing Country
Armenia,2016,0.86086,0.62477,0.14037,,0.03616,0.07793,,28470,103.3428521250439,4.36,Developing Country
Kenya,2016,0.52267,0.7624,0.40576,,0.06686,0.41328,,569140,86.41010647643813,4.356,Developing Country
Ukraine,2016,0.87287,1.01413,0.12859,0.0000020569654215169317,0.01829,0.20363,,579320,77.20444659255679,4.324,Developing Country
Ghana,2016,0.63107,0.49353,0.40973,,0.0326,0.21203,,227540,125.52119187835106,4.276,Developing Country
Congo (Kinshasa),2016,0.05661,0.80676,0.15602,,0.06075,0.25458,,,,4.272,
Georgia,2016,0.83792,0.19249,0.32461,,0.3188,0.06786,,69490,57.8241041876529,4.252,Developing Country
Congo (Brazzaville),2016,0.77109,0.47799,0.37938,,0.09753,0.12077,,,,4.236,
Senegal,2016,0.44314,0.77416,0.31056,,0.11681,0.19103,,192530,78.04647587388979,4.219,Least Developed Country
Bulgaria,2016,1.11306,0.92542,0.21219,,0.00615,0.12793,,108560,65.82271554900515,4.217,Developed Country
Mauritania,2016,0.61391,0.84142,0.1268,,0.17955,0.22686,,1030700,4.0496041525177064,4.201,Least Developed Country
Zimbabwe,2016,0.35041,0.71478,0.25429,,0.08582,0.18503,,386850,36.26715005816208,4.193,Developing Country
Malawi,2016,0.08709,0.147,0.4143,,0.07564,0.30968,,94280,182.50534577853205,4.156,Least Developed Country
Sudan,2016,0.63069,0.81928,0,,0.10039,0.18077,,1765048,22.591553317530174,4.139,Least Developed Country
Gabon,2016,1.15851,0.72368,0.28098,,0.09314,0.06244,,257670,7.846578957581403,4.121,Developing Country
North Cyprus,2017,1.3469113,1.1863034,0.47120363,,0.15535335,0.2668457,,,,5.81,
Mali,2016,0.31292,0.86333,0.27544,,0.13647,0.21064,,1220190,14.731228743064605,4.073,Least Developed Country
Haiti,2016,0.34097,0.29561,0.12072,,0.14476,0.47958,,27560,394.3596516690856,4.028,Least Developed Country
Botswana,2016,1.09426,0.89186,0.44089,,0.10769,0.12425,,566730,3.825216593439557,3.974,Developing Country
Comoros,2016,0.27509,0.60323,0.15412,,0.18437,0.1827,,1861,428.7130574959699,3.956,Least Developed Country
Ivory Coast,2016,0.55507,0.57576,0.40663,,0.1553,0.20338,,,,3.916,
Cambodia,2016,0.55604,0.5375,0.58852,,0.08092,0.40339,,176520,89.6711760707002,3.907,Least Developed Country
Angola,2016,0.84731,0.66366,0.00589,,0.08434,0.12071,,1246700,23.15566535654127,3.866,Least Developed Country
Niger,2016,0.1327,0.6053,0.38041,,0.17176,0.2097,,1266700,16.391214968027157,3.856,Least Developed Country
South Sudan,2016,0.39394,0.18519,0.19662,,0.13015,0.25899,,610952,17.496958844557348,3.832,Least Developed Country
Chad,2016,0.42214,0.63178,0.12807,,0.04952,0.18667,,1259200,11.584279701397714,3.763,Least Developed Country
Burkina Faso,2016,0.31995,0.63054,0.3337,,0.12533,0.24353,,273600,68.23725146198831,3.739,Least Developed Country
Uganda,2016,0.34719,0.90981,0.43653,,0.06442,0.27102,,199810,200.63700515489714,3.739,Least Developed Country
Yemen,2016,0.57939,0.47493,0.2287,,0.05892,0.09821,,527970,51.668276606625376,3.724,Least Developed Country
Madagascar,2016,0.27954,0.46115,0.13684,,0.07506,0.2204,,581795,42.83562423190299,3.695,Least Developed Country
Tanzania,2016,0.47155,0.77623,0.3176,,0.05099,0.31472,,885800,59.94285391736283,3.666,Least Developed Country
Liberia,2016,0.10706,0.50353,0.25748,,0.04852,0.24063,,96320,47.71784676079734,3.622,Least Developed Country
Guinea,2016,0.22415,0.3109,0.30953,,0.1192,0.29914,,245720,47.798644798958165,3.607,Least Developed Country
Rwanda,2016,0.32846,0.61586,0.5432,,0.50521,0.23552,,24670,474.4317389541954,3.515,Least Developed Country
Benin,2016,0.39499,0.10419,0.39747,,0.06681,0.2018,,112760,96.55271372827244,3.484,Least Developed Country
Afghanistan,2016,0.38227,0.11037,0.1643,,0.07112,0.31268,,652860,54.41888306834544,3.36,Least Developed Country
Togo,2016,0.28123,0,0.34678,,0.11587,0.17517,,54390,138.3618679904394,3.303,Least Developed Country
Syria,2016,0.74719,0.14866,0.06912,,0.17233,0.48397,,183630,86.30920873495616,3.069,Developing Country
Burundi,2016,0.06831,0.23442,0.0432,,0.09419,0.2029,,25680,409.17593457943923,2.905,Least Developed Country
Norway,2017,1.6164632,1.5335236,0.6354226,0.000005658837727546581,0.31596383,0.36201224,,365268,14.51384189143314,7.537,
Denmark,2017,1.482383,1.5511216,0.6260067,,0.40077007,0.3552805,,42430,135.15913268913505,7.522,
Iceland,2017,1.480633,1.610574,0.62716264,,0.15352656,0.47554022,,100250,3.3415660847880297,7.504,
Switzerland,2017,1.5649796,1.5169117,0.6200706,,0.3670073,0.29054928,,39516,214.49144650268246,7.494,
Finland,2017,1.4435719,1.5402467,0.61795086,,0.38261154,0.24548277,,303890,18.15309816051861,7.469,
Netherlands,2017,1.5039446,1.4289392,0.5853845,0.000004345702259025231,0.28266183,0.47048983,,33720,504.99163701067613,7.377,
Canada,2017,1.4792044,1.481349,0.6111009,0.000008014978609380563,0.28737152,0.43553972,,9093510,4.047511576937838,7.316,
New Zealand,2017,1.405706,1.5481951,0.61406213,0.000004457168836069787,0.3828167,0.5000051,,263310,17.89339941513805,7.314,
Sweden,2017,1.4943873,1.4781622,0.6129241,0.000004938732005755135,0.38439873,0.38539925,,410340,24.178912609055907,7.284,
Australia,2017,1.4844149,1.510042,0.6016074,0.0000051904602908296004,0.30118373,0.47769925,,7682300,3.2100576650221937,7.284,
Israel,2017,1.3753824,1.37629,0.4059886,,0.0852421,0.33008265,,21640,382.1646487985213,7.213,
Costa Rica,2017,1.1097063,1.4164037,0.58013165,,0.10010659,0.21461323,,51060,97.18932628280454,7.079,
Austria,2017,1.4870973,1.459945,0.5677662,,0.22106037,0.31647232,,82409,107.53040323265662,7.006,
United States,2017,1.5462593,1.4199206,0.5057405,0.000006638448825334621,0.13563879,0.39257878,,9147420,35.58684896943619,6.993,
Ireland,2017,1.5357066,1.5582311,0.57311034,,0.29838815,0.42785832,,68890,69.4062128030193,6.977,
Germany,2017,1.4879234,1.4725204,0.5625114,0.0000037456212513301623,0.27673194,0.33626917,,348560,238.2094474408997,6.951,
Belgium,2017,1.4637808,1.4623127,0.5397707,0.000004804514776328872,0.25134313,0.23150334,,30280,378.05700132100395,6.891,
Luxembourg,2017,1.7419436,1.4575837,0.5966279,,0.31883442,0.28318098,,2590,230.48532818532817,6.863,
United Kingdom,2017,1.4416339,1.4964601,0.50819004,0.0000026315489253613926,0.26542807,0.49277416,,241930,276.44675319307237,6.714,
Chile,2017,1.2527846,1.284025,0.37689528,0.000002037302472132517,0.08228798,0.32666242,,743532,25.085826837311643,6.652,
United Arab Emirates,2017,1.6263434,1.2664102,0.60834527,0.000008166450691965354,0.32448956,0.36094195,,83600,114.24967703349283,6.648,
Brazil,2017,1.1073532,1.431306,0.43745375,0.0000014018760192946919,0.11109276,0.1623499,,8358140,24.920893165225756,6.635,
Czech Republic,2017,1.3526824,1.4338852,0.49094617,,0.036872927,0.08810676,,,,6.609,
Argentina,2017,1.1852955,1.4404511,0.4945192,0.0000018626983680059112,0.059739888,0.10945706,,2736690,16.08591290939054,6.599,
Mexico,2017,1.1531838,1.2108622,0.41273,0.0000014389137927561242,0.13277411,0.12099043,,1943950,64.3506057254559,6.578,
Singapore,2017,1.6922777,1.3538144,0.54984057,,0.46430779,0.34596598,,700,8171.867142857142,6.572,
Malta,2017,1.3432798,1.4884117,0.58876705,,0.15306607,0.5747306,,320,1369.490625,6.527,
Uruguay,2017,1.2175597,1.4122279,0.57939225,,0.17806187,0.17509693,,175020,19.654062392869385,6.454,
Guatemala,2017,0.87200195,1.2555852,0.5313106,,0.07722328,0.2834884,,107160,158.3528742067936,6.454,
Panama,2017,1.2337484,1.3731925,0.55002683,,0.070983924,0.21055694,,74340,55.438687113263384,6.452,
France,2017,1.4309235,1.3877769,0.47022212,0.0000038077573389936444,0.17250243,0.1297623,,547557,118.46726276899027,6.442,
Thailand,2017,1.1278688,1.4257925,0.58020073,0.000002005552407912392,0.031612735,0.5721231,,510890,135.66049051654954,6.424,
Taiwan Province of China,2017,1.4336265,1.3845654,0.3614666,,0.063829236,0.25836048,,,,6.422,
Spain,2017,1.3843979,1.5320909,0.40878123,0.000002676431774306829,0.0709141,0.19013357,,498800,93.63266639935846,6.403,
Qatar,2017,1.8707657,1.2742969,0.604131,,0.43929926,0.33047387,,11610,236.20378983634797,6.375,
Colombia,2017,1.0706223,1.4021829,0.47748742,0.0000008106042600820526,0.04666874,0.14901447,,1109500,44.47580351509689,6.357,
Saudi Arabia,2017,1.5306236,1.2866776,0.44975057,0.000006582523580237581,0.27343225,0.14761601,,2149690,15.476610581060525,6.344,
Trinidad and Tobago,2017,1.3613559,1.3802285,0.51863074,,0.008964816,0.32529646,,5130,270.31929824561405,6.168,
Kuwait,2017,1.6329525,1.2596987,0.4963376,0.000008311218972263996,0.21515955,0.2282898,,17820,229.56543209876543,6.105,
Slovakia,2017,1.3253936,1.5050592,0.29581746,,0.024210852,0.13654448,,48088,113.38009482615206,6.098,
Bahrain,2017,1.4884123,1.3231105,0.5367469,,0.25704217,0.17266849,,760,2012.957894736842,6.087,
Malaysia,2017,1.2912154,1.284646,0.40226498,0.0000027253811670005207,0.06560071,0.41660893,,328550,94.92709785420789,6.084,
Nicaragua,2017,0.7372992,1.2872157,0.44755185,,0.13068798,0.30167422,,120340,53.19028585673924,6.071,
Ecuador,2017,1.0008204,1.2861688,0.4551982,,0.14013465,0.15011247,,248360,67.96756321468835,6.008,
El Salvador,2017,0.9097845,1.1821251,0.43245253,,0.08998096,0.078257985,,20720,308.58914092664094,6.003,
Poland,2017,1.2917879,1.445712,0.5203421,0.000002739529222966517,0.059307806,0.15846597,,306230,123.96802076870327,5.973,
Uzbekistan,2017,0.7864411,1.5489691,0.65824866,0.000001371170876779324,0.24652822,0.41598365,,425400,75.43338740009403,5.971,
Italy,2017,1.3950666,1.4449233,0.2564507,0.0000025366169301423767,0.028028091,0.17278965,,294140,206.40097572584483,5.964,
Russia,2017,1.2817781,1.4692824,0.3737831,0.0000050014097938251485,0.03296288,0.052263822,,16376870,8.900290592768949,5.963,
Belize,2017,0.9079753,1.0814178,0.5475094,,0.09658107,0.24001564,,22810,16.528715475668566,5.956,
Japan,2017,1.4169152,1.4363378,0.50562555,0.0000034023486428360525,0.16376074,0.12057277,,364555,349.9031531593312,5.92,
Lithuania,2017,1.3145823,1.4735161,0.23423178,,0.011865643,0.010164657,,62674,45.112071991575455,5.902,
Algeria,2017,1.0918645,1.1462175,0.23333581,0.0000013705020543344917,0.14609611,0.06943665,,2381740,17.462274639549236,5.872,
Latvia,2017,1.2607486,1.404715,0.3257079,,0.07384273,0.15307479,,62200,31.254710610932477,5.85,
South Korea,2017,1.4016784,1.1282744,0.25792167,0.00000576787584481051,0.06328267,0.20667437,,97230,526.0243237683842,5.838,
Moldova,2017,0.72887063,1.2518256,0.24072905,,0.010091286,0.20877913,,32850,123.59799086757991,5.838,
Romania,2017,1.2176839,1.1500913,0.45700374,0.0000016840853829247828,0.0043879007,0.13351992,,230170,85.13362297432333,5.825,
Bolivia,2017,0.83375657,1.227619,0.5587329,,0.060477726,0.22556072,,1083300,10.357651620049849,5.823,
Turkmenistan,2017,1.1307768,1.4931492,0.41827193,,0.25927034,0.24992499,,469930,12.297488987721575,5.822,
Kazakhstan,2017,1.2845563,1.384369,0.43745428,0.000003638490198568949,0.11928289,0.20196442,,2699700,6.71903989332148,5.819,
Slovenia,2017,1.341206,1.4525188,0.5725758,,0.04512898,0.2426491,,20140,103.18455809334657,5.758,
Peru,2017,1.0352253,1.2187704,0.45000288,,0.047049087,0.12681971,,1280000,24.73906953125,5.715,
Mauritius,2017,1.1893955,1.209561,0.49124733,,0.042181555,0.36093375,,2030,623.5665024630542,5.629,
Cyprus,2017,1.3559381,1.1313633,0.35511154,,0.041237976,0.2712543,,9240,127.97987012987014,5.621,
Estonia,2017,1.3208793,1.4766711,0.47913143,,0.18324892,0.09889081,,42390,31.2345364472753,5.611,
Belarus,2017,1.1565576,1.4449452,0.29540026,,0.15631382,0.15513751,,202910,46.61197575279681,5.569,
Libya,2017,1.1018031,1.3575643,0.46573323,,0.09261021,0.15207367,,1759540,3.754235197835798,5.525,
Turkey,2017,1.1982744,1.3377532,0.3007406,0.0000017977938354603314,0.09967158,0.046693042,,769630,106.2418097007653,5.5,
Paraguay,2017,0.9325373,1.5072849,0.4735078,,0.09106591,0.22415066,,397300,17.326571860055374,5.493,
"Hong Kong S.A.R., China",2017,1.5516748,1.2627909,0.49096864,,0.29393375,0.3744658,,,,5.472,
Philippines,2017,0.8576992,1.2539176,0.5852147,,0.09933189,0.19351342,,298170,353.61347888788276,5.43,
Serbia,2017,1.0693176,1.2581898,0.20871553,,0.04090378,0.22012588,,87460,101.02530299565515,5.395,
Jordan,2017,0.9910124,1.2390889,0.41842115,,0.11980327,0.17217046,,88780,111.6950214012165,5.336,
Hungary,2017,1.2860119,1.3431331,0.17586352,,0.036636937,0.07840166,,90530,107.46677344526677,5.324,
Jamaica,2017,0.9255793,1.3682181,0.47430724,,0.05526778,0.23381834,,10830,270.06140350877195,5.311,
Croatia,2017,1.2225562,0.967983,0.2557723,,0.04310311,0.24800298,,55960,74.62169406719084,5.293,
Kosovo,2017,0.9514844,1.1378535,0.26028794,,0.057471618,0.31993145,,,,5.279,
China,2017,1.0811658,1.1608374,0.4727877,0.000002156387113339017,0.022794275,0.028806841,,9388211,151.64524806696397,5.273,
Pakistan,2017,0.72688353,0.6726907,0.23521526,,0.12434807,0.31544602,,770880,270.64097914072227,5.269,
Indonesia,2017,0.9955386,1.2744447,0.44332346,0.0000008367019412039068,0.0153171355,0.6117046,,1811570,146.4627141098605,5.262,
Venezuela,2017,1.1284312,1.4313376,0.15399712,0.0000019538577648069536,0.06449112,0.06501963,,882050,32.49390283997506,5.25,
Montenegro,2017,1.121129,1.2383765,0.19498906,,0.088174194,0.19791102,,13450,46.679776951672864,5.237,
Morocco,2017,0.8781146,0.77486444,0.40815833,,0.08776318,0.032209955,,446300,79.92213981626709,5.235,
Azerbaijan,2017,1.1536018,1.1524003,0.39815584,,0.1809875,0.04526934,,82658,119.53593118633405,5.234,
Dominican Republic,2017,1.0793738,1.4024167,0.55258983,,0.11394525,0.18696785,,48320,218.12522764900663,5.23,
Greece,2017,1.2894875,1.2394146,0.09573125,,0.043289777,0,,128900,81.96384018619085,5.227,
Lebanon,2017,1.0749875,1.1296242,0.28851599,,0.03751383,0.26445076,,10230,675.5405669599218,5.225,
Portugal,2017,1.3151753,1.367043,0.4984653,0.0000022373882558323117,0.015869452,0.09510271,,91590,112.23761327655858,5.195,
Bosnia and Herzegovina,2017,0.9824094,1.0693359,0.20440318,,0,0.3288675,,51000,65.445,5.182,
Honduras,2017,0.7305731,1.143945,0.34807986,,0.07334545,0.23618887,,111890,84.51034945035302,5.181,
Macedonia,2017,1.0645779,1.207893,0.32590598,,0.060277794,0.25376096,,,,5.175,
Somalia,2017,0.022643184,0.72115135,0.60212696,,0.28241032,0.2916313,,627340,23.29661268211815,5.151,
Vietnam,2017,0.7885476,1.2774913,0.5710556,,0.08763324,0.23496805,,310070,305.93284419647176,5.074,
Nigeria,2017,0.78375626,1.2157705,0.39495257,0.0000007939145115569979,0.026121566,0.2309472,,910770,210.21375539378766,5.074,
Tajikistan,2017,0.52471364,1.2714633,0.4715667,,0.14637715,0.24899764,,139960,63.75699485567305,5.041,
Bhutan,2017,0.8854164,1.3401265,0.5015377,,0.17338039,0.47405455,,38117,19.611223338667784,5.011,
Kyrgyzstan,2017,0.5962201,1.3942386,0.4549434,,0.03943918,0.42858037,,191800,32.416011470281546,5.004,
Nepal,2017,0.4798202,1.1792833,0.44030595,,0.072975546,0.39409617,,143350,192.8210812696198,4.962,
Mongolia,2017,1.0272359,1.4930112,0.39414397,,0.03290229,0.33846423,,1553560,2.0133583511418935,4.955,
South Africa,2017,1.0546987,1.3847886,0.47924674,0.00000237822674657322,0.0725095,0.13936238,,1213090,47.140330890535736,4.829,
Tunisia,2017,1.0072658,0.86835146,0.2896807,,0.08672315,0.049693357,,155360,73.81705715756952,4.805,
Palestinian Territories,2017,0.7162492,1.1556472,0.25471106,,0.0892826,0.114173174,,,,4.775,
Egypt,2017,0.9897018,0.9974714,0.28211015,0.0000009605440025465778,0.114381365,0.12863144,,995450,97.26268019488674,4.735,
Bulgaria,2017,1.1614591,1.4343795,0.28923172,,0.011051531,0.113177694,,108560,65.34672070744288,4.714,
Sierra Leone,2017,0.36842093,0.98413604,0.3186977,,0.071095176,0.2930409,,72180,104.08498198947076,4.709,
Cameroon,2017,0.56430537,0.9460182,0.43038875,,0.05130663,0.23629846,,472710,52.13901757948848,4.695,
Iran,2017,1.1568731,0.71155125,0.24932261,0.0000032369736920152224,0.048761073,0.3872429,,1628550,49.700530533296494,4.692,
Albania,2017,0.99619275,0.80368525,0.38149863,,0.039864216,0.20131294,,27400,105.35032846715329,4.644,
Bangladesh,2017,0.586683,0.73513174,0.47835666,,0.12371786,0.17225535,,130170,1229.4897902742568,4.608,
Namibia,2017,0.9644343,1.0984708,0.52030355,,0.09314697,0.077133745,,823290,2.926718410280703,4.574,
Kenya,2017,0.56047946,1.0679507,0.45276377,,0.06464132,0.4448603,,569140,88.51384720806831,4.553,
Mozambique,2017,0.23430565,0.870701,0.4807911,,0.17943639,0.3222281,,786380,36.535281924769194,4.55,
Myanmar,2017,0.36711055,1.123236,0.51449203,,0.1888162,0.83807516,,653290,81.70967258032421,4.545,
Senegal,2017,0.47930902,1.1796919,0.37792227,,0.11546045,0.1834689,,192530,80.37111618968473,4.535,
Zambia,2017,0.6364068,1.0031873,0.4616035,,0.07821355,0.24958014,,743390,22.732994794118834,4.514,
Iraq,2017,1.1027105,0.9786132,0.28855553,,0.107215755,0.19963726,,434320,86.65187419414256,4.497,
Gabon,2017,1.1982102,1.1556202,0.31232858,,0.07604679,0.04378538,,257670,8.052869949935964,4.465,
Ethiopia,2017,0.33923385,0.8646692,0.40884274,,0.16545571,0.31265074,,1000000,106.779874,4.46,
Sri Lanka,2017,1.0098501,1.2599764,0.56121325,,0.073653966,0.49086356,,62710,337.43297719661933,4.44,
Armenia,2017,0.90059674,1.0074837,0.19830327,,0.026674422,0.08348809,,28470,103.53645943097997,4.376,
India,2017,0.79222125,0.7543726,0.469987,0.0000006581766132265645,0.092226885,0.23153849,,2973190,451.2275350717579,4.315,
Mauritania,2017,0.6484573,1.2720308,0.09609804,,0.136957,0.20187002,,1030700,4.16987387212574,4.292,
Congo (Brazzaville),2017,0.80896425,0.83204436,0.43502587,,0.07961813,0.12085213,,,,4.291,
Georgia,2017,0.95061266,0.57061493,0.30941004,,0.25166664,0.054008815,,69490,57.71476471434739,4.286,
Congo (Kinshasa),2017,0.09210235,1.2290235,0.23596135,,0.060241356,0.24645583,,,,4.28,
Mali,2017,0.4761805,1.2814734,0.30661374,,0.10497025,0.1833542,,1220190,15.21705636007507,4.19,
Ivory Coast,2017,0.6030489,0.90478003,0.4477062,,0.13006178,0.20123747,,,,4.18,
Cambodia,2017,0.6017651,1.0062383,0.6333758,,0.06810595,0.38592297,,176520,90.98787106276909,4.168,
Sudan,2017,0.6595167,1.2140086,0.014995855,,0.08984752,0.18231745,,1765048,23.17851865784953,4.139,
Ghana,2017,0.6672248,0.87366474,0.4230263,,0.02533637,0.25692394,,227540,128.40017579326712,4.12,
Ukraine,2017,0.89465195,1.3945376,0.122974776,0.000002001520075786096,0.02302947,0.27006146,,579320,76.75585859283298,4.096,
Uganda,2017,0.38143072,1.1298277,0.44318596,,0.05706972,0.32576606,,199810,208.00106601271207,4.081,
Burkina Faso,2017,0.3502277,1.04328,0.32436785,,0.120328106,0.25086468,,273600,70.36406067251463,4.032,
Niger,2017,0.16192533,0.993025,0.3636587,,0.13857295,0.22867385,,1266700,17.098508723454646,4.028,
Malawi,2017,0.23344204,0.51256883,0.46691465,,0.072711654,0.28717047,,94280,187.82147857445906,3.97,
Chad,2017,0.438013,0.9538559,0.16234203,,0.053581882,0.21611385,,1259200,11.96467042566709,3.936,
Zimbabwe,2017,0.37584653,1.0830959,0.3363842,,0.09537538,0.1891435,,386850,36.82926974279437,3.875,
Lesotho,2017,0.52102125,1.1900952,0.3906613,,0.11909464,0.15749727,,30360,68.98059947299078,3.808,
Angola,2017,0.8584282,1.104412,0,,0.069720335,0.09792649,,1246700,23.990651319483437,3.795,
Afghanistan,2017,0.40147722,0.5815433,0.10617952,,0.06115783,0.31187093,,652860,55.77689550592776,3.794,
Botswana,2017,1.1220942,1.221555,0.50519633,,0.0985832,0.09934845,,566730,3.9097894941153637,3.766,
Benin,2017,0.4310854,0.43529984,0.42596278,,0.060929015,0.20794846,,112760,99.40877084072366,3.657,
Madagascar,2017,0.3058087,0.9130204,0.18919677,,0.067231975,0.20873253,,581795,44.076114438934674,3.644,
Haiti,2017,0.36861026,0.6404498,0.030369857,,0.09987215,0.48920378,,27560,399.419557329463,3.603,
Yemen,2017,0.59168345,0.93538225,0.24946372,,0.056767423,0.10412521,,527970,52.92600337140368,3.593,
South Sudan,2017,0.39724863,0.6013231,0.14706244,,0.11679351,0.28567082,,610952,17.712380023307887,3.591,
Liberia,2017,0.11904179,0.87211794,0.33288118,,0.03894825,0.2665499,,96320,48.96688122923588,3.533,
Guinea,2017,0.24454993,0.7912447,0.3485875,,0.11093762,0.2648151,,245720,49.27003092951327,3.507,
Togo,2017,0.30544472,0.43188253,0.38042614,,0.095665015,0.19689615,,54390,141.9720536863394,3.495,
Rwanda,2017,0.3687459,0.945707,0.58184385,,0.45522,0.25275603,,24670,487.6164977705715,3.471,
Syria,2017,0.77715313,0.3961026,0.081539445,,0.15134713,0.49366373,,183630,88.65372215868867,3.462,
Tanzania,2017,0.5111359,1.0419898,0.39001778,,0.06603511,0.35425636,,885800,61.8944852111086,3.349,
Burundi,2017,0.09162257,0.6297936,0.059900753,,0.084147945,0.20443518,,25680,423.20257009345795,2.905,
Central African Republic,2017,0,0,0.27084205,,0.056565076,0.2808765,,622980,7.3681466499727115,2.693,
Finland,2018,1.305,1.592,0.681,,0.393,0.202,,303890,18.181279410312943,7.632,
Norway,2018,1.456,1.582,0.686,0.000005426823403306919,0.34,0.286,,365268,14.629877240820438,7.594,
Denmark,2018,1.351,1.59,0.683,,0.408,0.284,,42430,135.638180532642,7.555,
Iceland,2018,1.343,1.644,0.677,,0.138,0.353,,100250,3.363630922693267,7.495,
Switzerland,2018,1.42,1.549,0.66,,0.357,0.256,,39516,216.092241117522,7.487,
Netherlands,2018,1.361,1.488,0.638,0.0000042774958016085725,0.295,0.333,,33720,506.1109134045077,7.441,
Canada,2018,1.33,1.532,0.653,0.000008024300381983625,0.291,0.321,,9093510,4.083922929649828,7.328,
New Zealand,2018,1.268,1.601,0.669,0.000004209922745812653,0.389,0.365,,263310,18.042159431848393,7.324,
Sweden,2018,1.355,1.501,0.659,0.000005007781591815522,0.383,0.285,,410340,24.33216600867573,7.314,
Australia,2018,1.34,1.573,0.647,0.000005128757455931151,0.302,0.361,,7682300,3.2486770888926495,7.272,
United Kingdom,2018,1.244,1.433,0.464,0.000002602749020540925,0.082,0.262,,241930,277.9175877319886,7.19,
Austria,2018,1.341,1.504,0.617,,0.224,0.242,,82409,108.15285951777112,7.139,
Costa Rica,2018,1.01,1.459,0.632,,0.101,0.143,,51060,98.10113591852722,7.072,
Ireland,2018,1.448,1.583,0.614,,0.306,0.307,,68890,70.20881114820729,6.977,
China,2018,0.989,1.142,0.597,0.0000022396868257036585,0.103,0.029,,9388211,152.23535943109928,5.246,
Germany,2018,1.34,1.474,0.586,0.0000036255728315034716,0.28,0.273,,348560,238.97516066100528,6.965,
Belgium,2018,1.324,1.483,0.583,0.000004609553029037314,0.24,0.188,,30280,379.717998678996,6.927,
Luxembourg,2018,1.576,1.52,0.632,,0.321,0.196,,2590,234.44247104247106,6.91,
United States,2018,1.398,1.471,0.547,0.000006828198387673028,0.133,0.291,,9147420,35.79868290731157,6.886,
Israel,2018,1.301,1.559,0.533,,0.272,0.354,,21640,388.4566081330869,6.814,
Czech Republic,2018,1.233,1.489,0.543,,0.034,0.064,,,,6.711,
Malta,2018,1.27,1.525,0.645,,0.142,0.376,,320,1373.15,6.627,
France,2018,1.293,1.466,0.52,0.000003783953949465018,0.176,0.098,,547557,118.72985278245005,6.489,
Mexico,2018,1.038,1.252,0.479,0.0000014313778781924946,0.095,0.069,,1943950,65.04878417654776,6.488,
Chile,2018,1.131,1.331,0.431,0.0000020726734585872934,0.061,0.197,,743532,25.306614913682264,6.476,
Taiwan,2018,1.365,1.436,0.418,0.0000046338090289347675,0.078,0.151,,35410,670.3916972606609,6.441,
Panama,2018,1.112,1.438,0.597,,0.063,0.125,,74340,56.357815442561204,6.43,
Brazil,2018,0.986,1.474,0.493,0.000001372721518216272,0.088,0.11,,8358140,25.1015422091518,6.419,
Argentina,2018,1.073,1.468,0.57,0.0000018002912601215187,0.054,0.062,,2736690,16.23759139690648,6.388,
Guatemala,2018,0.781,1.268,0.604,,0.071,0.179,,107160,161.4706047032475,6.382,
Uruguay,2018,1.093,1.459,0.625,,0.155,0.13,,175020,19.722603131070734,6.379,
Qatar,2018,1.649,1.303,0.654,,0.171,0.256,,11610,240.42308354866495,6.374,
Saudi Arabia,2018,1.379,1.331,0.509,0.000006328504132661061,0.127,0.098,,2149690,15.730295065800185,6.371,
Singapore,2018,1.529,1.451,0.631,,0.457,0.261,,700,8237.588571428572,6.343,
Malaysia,2018,1.161,1.258,0.356,0.000002974258112447207,0.059,0.311,,328550,96.19394308324456,6.322,
Spain,2018,1.251,1.538,0.449,0.0000026539973394960866,0.074,0.142,,498800,93.66875701684042,6.31,
Colombia,2018,0.96,1.439,0.531,0.000000781729937081564,0.039,0.099,,1109500,44.965616944569625,6.26,
Trinidad & Tobago,2018,1.223,1.492,0.575,,0.019,0.171,,,,6.192,
Slovakia,2018,1.21,1.537,0.354,,0.014,0.118,,48088,113.43476543004492,6.173,
El Salvador,2018,0.806,1.231,0.461,,0.082,0.065,,20720,310.16500965250964,6.167,
Nicaragua,2018,0.668,1.319,0.527,,0.128,0.208,,120340,53.8471912913412,6.141,
Poland,2018,1.176,1.448,0.546,0.000002795242918476213,0.064,0.108,,306230,123.83362178754531,6.123,
Bahrain,2018,1.338,1.366,0.594,,0.123,0.243,,760,2092.4355263157895,6.105,
Uzbekistan,2018,0.719,1.584,0.724,0.0000014120456704684461,0.259,0.328,,425400,76.5793370944993,6.096,
Kuwait,2018,1.474,1.301,0.554,0.000008184204293144718,0.106,0.167,,17820,233.12817059483726,6.083,
Thailand,2018,1.016,1.417,0.637,0.0000019573419204609933,0.029,0.364,,510890,136.001847755877,6.072,
Italy,2018,1.264,1.501,0.281,0.000002490822966918539,0.028,0.137,,294140,206.1009519276535,6,
Ecuador,2018,0.889,1.33,0.556,,0.12,0.114,,248360,69.05224673860525,5.973,
Belize,2018,0.807,1.101,0.593,,0.089,0.183,,22810,16.84765453748356,5.956,
Lithuania,2018,1.197,1.527,0.35,,0.006,0.026,,62674,44.516322557998535,5.952,
Slovenia,2018,1.219,1.506,0.633,,0.051,0.16,,20140,103.19865938430983,5.948,
Romania,2018,1.116,1.219,0.528,0.0000017464252216675895,0.001,0.088,,230170,84.58243906677673,5.945,
Latvia,2018,1.148,1.454,0.363,,0.066,0.092,,62200,30.924405144694532,5.933,
Japan,2018,1.294,1.462,0.553,0.000003365438568856999,0.15,0.079,,364555,348.8502530482369,5.915,
Mauritius,2018,1.09,1.387,0.584,,0.05,0.245,,2030,624.6009852216749,5.891,
Jamaica,2018,0.819,1.493,0.575,,0.031,0.096,,10830,271.25143120960297,5.89,
South Korea,2018,1.266,1.204,0.244,0.000005782467254532604,0.051,0.175,,97230,526.4755939524838,5.875,
Northern Cyprus,2018,1.229,1.211,0.495,,0.154,0.179,,,,5.835,
Russia,2018,1.151,1.479,0.399,0.000005211865486579625,0.025,0.065,,16376870,8.904088998691448,5.81,
Kazakhstan,2018,1.143,1.516,0.454,0.00000413838047311708,0.121,0.148,,2699700,6.802486202170612,5.79,
Cyprus,2018,1.229,1.191,0.423,,0.035,0.202,,9240,128.93051948051948,5.762,
Bolivia,2018,0.751,1.223,0.606,,0.054,0.141,,1083300,10.505275546939906,5.752,
Estonia,2018,1.2,1.532,0.553,,0.174,0.086,,42390,31.255461193677753,5.739,
Paraguay,2018,0.835,1.522,0.541,,0.074,0.162,,397300,17.547820286936822,5.681,
Peru,2018,0.934,1.249,0.53,,0.034,0.092,,1280000,25.0995390625,5.663,
Kosovo,2018,0.855,1.23,0.448,,0.023,0.274,,,,5.662,
Moldova,2018,0.657,1.301,0.232,,0,0.171,,32850,123.31488584474886,5.64,
Turkmenistan,2018,1.016,1.533,0.417,,0.037,0.199,,469930,12.487115102249271,5.636,
Hungary,2018,1.171,1.401,0.259,,0.022,0.061,,90530,107.19804484701204,5.62,
Libya,2018,0.985,1.35,0.496,,0.148,0.116,,1759540,3.807567318731032,5.566,
Philippines,2018,0.775,1.312,0.643,,0.105,0.12,,298170,358.52498239259484,5.524,
Honduras,2018,0.62,1.205,0.459,,0.074,0.197,,111890,85.92682992224506,5.504,
Belarus,2018,1.039,1.498,0.307,,0.154,0.101,,202910,46.59675718298753,5.483,
Turkey,2018,1.148,1.38,0.324,0.0000017417317574402427,0.109,0.106,,769630,107.42348401179788,5.483,
Pakistan,2018,0.652,0.81,0.334,,0.113,0.216,,770880,276.2540732669157,5.472,
Hong Kong,2018,1.405,1.29,0.524,,0.291,0.246,,1050,7034.160952380952,5.43,
Portugal,2018,1.188,1.429,0.562,0.0000021462650354402013,0.017,0.055,,91590,111.91576591330931,5.41,
Serbia,2018,0.975,1.369,0.288,,0.043,0.134,,87460,100.6266750514521,5.398,
Greece,2018,1.154,1.202,0.131,,0.044,0,,128900,81.57283165244375,5.358,
Lebanon,2018,0.965,1.179,0.503,,0.136,0.214,,10230,672.5818181818182,5.358,
Montenegro,2018,1.017,1.279,0.259,,0.081,0.111,,13450,46.68565055762082,5.347,
Croatia,2018,1.115,1.161,0.38,,0.039,0.12,,55960,74.17428520371693,5.321,
Dominican Republic,2018,0.982,1.441,0.578,,0.106,0.12,,48320,220.38002897350992,5.302,
Algeria,2018,0.979,1.154,0.077,0.0000014390665714083233,0.135,0.055,,2381740,17.79731960667411,5.295,
Morocco,2018,0.779,0.797,0.46,,0.074,0.026,,446300,80.90531481066547,5.254,
Azerbaijan,2018,1.024,1.161,0.43,,0.176,0.031,,82658,120.6424060586997,5.201,
Tajikistan,2018,0.474,1.166,0.292,,0.034,0.187,,139960,65.30477279222634,5.199,
Macedonia,2018,0.959,1.239,0.394,,0.052,0.173,,,,5.185,
Jordan,2018,0.822,1.265,0.468,,0.134,0.13,,88780,112.83762108583014,5.161,
Nigeria,2018,0.689,1.172,0.462,0.0000008137012149759348,0.032,0.201,,910770,215.89684772225698,5.155,
Kyrgyzstan,2018,0.53,1.416,0.54,,0.035,0.281,,191800,32.98089676746611,5.131,
Bosnia and Herzegovina,2018,0.915,1.078,0.28,,0,0.216,,51000,65.04929411764707,5.129,
Mongolia,2018,0.914,1.517,0.395,,0.032,0.253,,1553560,2.0475527176291872,5.125,
Vietnam,2018,0.715,1.365,0.618,,0.079,0.177,,310070,308.7595381688006,5.103,
Indonesia,2018,0.899,1.215,0.538,0.0000008612156369648157,0.018,0.484,,1811570,148.06245742643122,5.093,
Bhutan,2018,0.796,1.335,0.541,,0.171,0.364,,38117,19.83464071149356,5.082,
Somalia,2018,0,0.712,0.674,,0.282,0.238,,627340,24.0144323652246,4.982,
Cameroon,2018,0.535,0.891,0.454,,0.043,0.183,,472710,53.55528336612299,4.975,
Bulgaria,2018,1.054,1.515,0.359,,0.009,0.064,,108560,64.87072586588062,4.933,
Nepal,2018,0.425,1.228,0.526,,0.078,0.302,,143350,196.5050575514475,4.88,
Venezuela,2018,0.996,1.469,0.133,0.0000014694893083806586,0.052,0.056,,882050,32.40333087693441,4.806,
Gabon,2018,1.036,1.164,0.356,,0.052,0.032,,257670,8.259160942290526,4.758,
Palestinian Territories,2018,0.642,1.217,0.266,,0.076,0.086,,,,4.743,
South Africa,2018,0.94,1.41,0.516,0.000002312901620695043,0.056,0.103,,1213090,47.75893297282147,4.724,
Iran,2018,1.059,0.771,0.459,0.0000032431572247752537,0.129,0.282,,1628550,50.363109514598875,4.707,
Ivory Coast,2018,0.541,0.872,0.467,,0.103,0.146,,,,4.671,
Ghana,2018,0.592,0.896,0.499,,0.029,0.212,,227540,131.2791597081832,4.657,
Senegal,2018,0.429,1.117,0.406,,0.082,0.138,,192530,82.69575650547966,4.631,
Laos,2018,0.72,1.034,0.626,,0.174,0.23,,230800,30.68168110918544,4.623,
Tunisia,2018,0.9,0.906,0.271,,0.063,0.04,,155360,74.61455973223481,4.592,
Albania,2018,0.916,0.817,0.419,,0.032,0.149,,27400,105.2364598540146,4.586,
Sierra Leone,2018,0.256,0.813,0.355,,0.053,0.238,,72180,106.35386533665836,4.571,
Congo (Brazzaville),2018,0.682,0.811,0.514,,0.077,0.091,,,,4.559,
Bangladesh,2018,0.532,0.85,0.58,,0.144,0.153,,130170,1242.1134516401628,4.5,
Sri Lanka,2018,0.918,1.314,0.585,,0.05,0.307,,62710,338.8604369319088,4.471,
Iraq,2018,1.01,0.971,0.304,,0.095,0.148,,434320,88.75334315711918,4.456,
Mali,2018,0.37,1.233,0.367,,0.056,0.139,,1220190,15.702883977085536,4.447,
Namibia,2018,0.874,1.281,0.519,,0.064,0.051,,823290,2.983047285889541,4.441,
Cambodia,2018,0.549,1.088,0.696,,0.065,0.256,,176520,92.30456605483798,4.433,
Burkina Faso,2018,0.314,1.097,0.312,,0.128,0.175,,273600,72.49086988304093,4.424,
Egypt,2018,0.885,1.025,0.312,0.0000009719898249675148,0.107,0.092,,995450,99.21790747902959,4.419,
Mozambique,2018,0.198,0.902,0.531,,0.158,0.206,,786380,37.666286019481674,4.417,
Kenya,2018,0.493,1.048,0.504,,0.055,0.352,,569140,90.6175879396985,4.41,
Zambia,2018,0.562,1.047,0.503,,0.082,0.221,,743390,23.43642771627275,4.377,
Mauritania,2018,0.557,1.245,0.129,,0.093,0.134,,1030700,4.290143591733774,4.356,
Ethiopia,2018,0.308,0.95,0.452,,0.146,0.22,,1000000,109.664732,4.35,
Georgia,2018,0.853,0.592,0.375,,0.215,0.038,,69490,57.60542524104188,4.34,
Armenia,2018,0.816,0.99,0.26,,0.028,0.077,,28470,103.73006673691606,4.321,
Myanmar,2018,0.682,1.174,0.58,,0.178,0.598,,653290,82.26743406450427,4.308,
Chad,2018,0.358,0.907,0.189,,0.06,0.181,,1259200,12.345061149936468,4.301,
Congo (Kinshasa),2018,0.069,1.136,0.312,,0.052,0.197,,,,4.245,
India,2018,0.721,0.747,0.539,0.0000006781427877766402,0.093,0.172,,2973190,455.7972500916524,4.19,
Niger,2018,0.131,0.867,0.39,,0.099,0.175,,1266700,17.805802478882136,4.166,
Uganda,2018,0.322,1.09,0.45,,0.061,0.259,,199810,215.365126870527,4.161,
Benin,2018,0.378,0.372,0.44,,0.067,0.163,,112760,102.26482795317489,4.141,
Sudan,2018,0.605,1.24,0.016,,0.082,0.134,,1765048,23.76548399816889,4.139,
Ukraine,2018,0.793,1.413,0.163,0.0000021037712066923995,0.011,0.187,,579320,76.30727059310917,4.103,
Togo,2018,0.259,0.474,0.434,,0.101,0.158,,54390,145.58223938223938,3.999,
Guinea,2018,0.344,0.792,0.394,,0.094,0.185,,245720,50.74141706006837,3.964,
Lesotho,2018,0.472,1.215,0.423,,0.112,0.116,,30360,69.5399209486166,3.808,
Angola,2018,0.73,1.125,0,,0.061,0.079,,1246700,24.825637282425603,3.795,
Madagascar,2018,0.262,0.908,0.221,,0.049,0.155,,581795,45.316604645966365,3.774,
Zimbabwe,2018,0.357,1.094,0.406,,0.099,0.132,,386850,37.39138942742665,3.692,
Afghanistan,2018,0.332,0.537,0.085,,0.036,0.191,,652860,57.13490794351009,3.632,
Botswana,2018,1.017,1.174,0.557,,0.092,0.042,,566730,3.9943623947911706,3.59,
Malawi,2018,0.186,0.541,0.531,,0.08,0.21,,94280,193.13761137038608,3.587,
Haiti,2018,0.315,0.714,0.025,,0.104,0.392,,27560,404.47946298984033,3.582,
Liberia,2018,0.076,0.858,0.419,,0.03,0.206,,96320,50.21591569767442,3.495,
Syria,2018,0.689,0.382,0.088,,0.144,0.376,,183630,90.99823558242117,3.462,
Rwanda,2018,0.332,0.896,0.636,,0.444,0.2,,24670,500.8012565869477,3.408,
Yemen,2018,0.442,1.073,0.244,,0.064,0.083,,527970,54.18373013618198,3.355,
Tanzania,2018,0.455,0.991,0.481,,0.097,0.27,,885800,63.84611650485437,3.303,
South Sudan,2018,0.337,0.608,0.112,,0.106,0.224,,610952,17.927801202058426,3.254,
Central African Republic,2018,0.024,0,0.305,,0.038,0.218,,622980,7.503916658640727,3.083,
Burundi,2018,0.091,0.627,0.065,,0.076,0.149,,25680,437.2292056074766,2.905,
Finland,2019,1.34,1.587,0.596,,0.393,0.153,,303890,18.209460660107275,7.769,
Denmark,2019,1.383,1.573,0.592,,0.41,0.252,,42430,136.11722837614894,7.6,
Norway,2019,1.488,1.582,0.603,0.000005198460513050921,0.341,0.271,,365268,14.745912590207737,7.554,
Iceland,2019,1.38,1.624,0.591,,0.118,0.354,,100250,3.385695760598504,7.494,
Netherlands,2019,1.396,1.522,0.557,0.000004209590358915521,0.298,0.322,,33720,507.23018979833927,7.488,
Switzerland,2019,1.452,1.526,0.572,,0.343,0.263,,39516,217.69303573236158,7.48,
Sweden,2019,1.387,1.487,0.574,0.000004876909297548895,0.373,0.267,,410340,24.48541940829556,7.343,
New Zealand,2019,1.303,1.557,0.585,0.000004384269990861928,0.38,0.33,,263310,18.190919448558734,7.307,
Canada,2019,1.365,1.505,0.584,0.000008033457401764762,0.308,0.285,,9093510,4.120334282361816,7.278,
Austria,2019,1.376,1.475,0.532,,0.226,0.244,,82409,108.7753158028856,7.246,
Australia,2019,1.372,1.548,0.557,0.000005108102091399548,0.29,0.332,,7682300,3.287296512763105,7.228,
Costa Rica,2019,1.034,1.441,0.558,,0.093,0.144,,51060,99.0129455542499,7.167,
Israel,2019,1.276,1.455,0.371,,0.082,0.261,,21640,394.7485674676525,7.139,
Luxembourg,2019,1.609,1.479,0.526,,0.316,0.194,,2590,238.3996138996139,7.09,
United Kingdom,2019,1.333,1.538,0.45,0.0000025150741338073587,0.278,0.348,,241930,279.3884222709048,7.054,
Ireland,2019,1.499,1.553,0.516,,0.31,0.298,,68890,71.01140949339526,7.021,
Germany,2019,1.373,1.454,0.495,0.00000351825812619798,0.265,0.261,,348560,239.74087388111084,6.985,
Belgium,2019,1.356,1.504,0.473,0.000004762665138919149,0.21,0.16,,30280,381.3789960369881,6.923,
United States,2019,1.433,1.457,0.454,0.0000067212436916468015,0.128,0.28,,9147420,36.01051684518695,6.892,
Czech Republic,2019,1.269,1.487,0.457,,0.036,0.046,,,,6.852,
United Arab Emirates,2019,1.503,1.31,0.598,0.000008477156463489653,0.182,0.262,,83600,117.11745215311005,6.825,
Malta,2019,1.3,1.52,0.564,,0.151,0.375,,320,1376.809375,6.726,
Mexico,2019,1.07,1.323,0.433,0.000001377056892667366,0.073,0.074,,1943950,65.7469626276396,6.595,
France,2019,1.324,1.472,0.436,0.0000037295596533474062,0.183,0.111,,547557,118.99244279590984,6.592,
Taiwan,2019,1.368,1.43,0.351,0.000004541351083063876,0.097,0.242,,35410,671.6031911889297,6.446,
Chile,2019,1.159,1.369,0.357,0.000002107432593373357,0.056,0.187,,743532,25.527402990052884,6.444,
Guatemala,2019,0.8,1.269,0.535,,0.078,0.175,,107160,164.5883351997014,6.436,
Saudi Arabia,2019,1.403,1.357,0.439,0.000006257166456430724,0.132,0.08,,2149690,15.983979550539845,6.375,
Qatar,2019,1.684,1.313,0.555,,0.167,0.22,,11610,244.6423772609819,6.374,
Spain,2019,1.286,1.484,0.362,0.0000025887902643000817,0.079,0.153,,498800,93.70484763432238,6.354,
Panama,2019,1.149,1.442,0.516,,0.054,0.109,,74340,57.276943771859024,6.321,
Brazil,2019,1.004,1.439,0.39,0.0000013865746841730696,0.086,0.099,,8358140,25.282191253077837,6.3,
Uruguay,2019,1.124,1.465,0.523,,0.15,0.127,,175020,19.791143869272084,6.293,
Singapore,2019,1.572,1.463,0.556,,0.453,0.271,,700,8303.31,6.262,
El Salvador,2019,0.794,1.242,0.43,,0.074,0.093,,20720,311.7408783783784,6.253,
Italy,2019,1.294,1.488,0.231,0.0000024614150476874387,0.03,0.158,,294140,205.80092812946216,6.223,
Bahrain,2019,1.362,1.368,0.536,,0.11,0.255,,760,2171.9131578947367,6.199,
Slovakia,2019,1.246,1.504,0.334,,0.014,0.121,,48088,113.48943603393778,6.198,
Trinidad & Tobago,2019,1.231,1.477,0.489,,0.016,0.185,,,,6.192,
Poland,2019,1.206,1.438,0.483,0.0000027190833426235347,0.05,0.117,,306230,123.69922280638735,6.182,
Uzbekistan,2019,0.745,1.529,0.631,0.0000014214711155405898,0.24,0.322,,425400,77.72528678890455,6.174,
Lithuania,2019,1.238,1.515,0.291,,0.042,0.043,,62674,43.92057312442161,6.149,
Colombia,2019,0.985,1.41,0.47,0.0000008129629923383195,0.034,0.099,,1109500,45.455430374042365,6.125,
Slovenia,2019,1.258,1.523,0.564,,0.057,0.144,,20140,103.21276067527309,6.118,
Nicaragua,2019,0.694,1.325,0.435,,0.127,0.2,,120340,54.504096725943164,6.105,
Kosovo,2019,0.882,1.232,0.489,,0.006,0.262,,,,6.1,
Argentina,2019,1.092,1.432,0.471,0.000001761334651108924,0.05,0.066,,2736690,16.389269884422422,6.086,
Romania,2019,1.162,1.232,0.462,0.000001706178133062661,0.005,0.083,,230170,84.03125515923013,6.07,
Cyprus,2019,1.263,1.223,0.406,,0.041,0.19,,9240,129.88116883116882,6.046,
Ecuador,2019,0.912,1.312,0.498,,0.087,0.126,,248360,70.13693026252214,6.028,
Kuwait,2019,1.5,1.319,0.493,0.000008535190590805893,0.097,0.142,,17820,236.6909090909091,6.021,
Thailand,2019,1.05,1.409,0.557,0.0000019667975855190868,0.028,0.359,,510890,136.34320499520445,6.008,
Latvia,2019,1.187,1.465,0.264,,0.064,0.075,,62200,30.59409967845659,5.94,
South Korea,2019,1.301,1.219,0.159,0.000005718959143970581,0.056,0.175,,97230,526.9268641365834,5.895,
Estonia,2019,1.237,1.528,0.495,,0.161,0.103,,42390,31.276385940080207,5.893,
Jamaica,2019,0.831,1.478,0.49,,0.028,0.107,,10830,272.441458910434,5.89,
Mauritius,2019,1.12,1.402,0.498,,0.06,0.215,,2030,625.6354679802955,5.888,
Japan,2019,1.327,1.419,0.445,0.000003280983144075289,0.14,0.069,,364555,347.79735293714253,5.886,
Honduras,2019,0.642,1.236,0.507,,0.078,0.246,,111890,87.3433103941371,5.86,
Kazakhstan,2019,1.173,1.508,0.41,0.000004142022529159839,0.096,0.146,,2699700,6.885932511019743,5.809,
Bolivia,2019,0.776,1.209,0.511,,0.064,0.137,,1083300,10.652899473829963,5.779,
Hungary,2019,1.201,1.41,0.199,,0.02,0.081,,90530,106.92931624875732,5.758,
Paraguay,2019,0.855,1.475,0.514,,0.08,0.184,,397300,17.769068713818275,5.743,
Northern Cyprus,2019,1.263,1.252,0.417,,0.162,0.191,,,,5.718,
Peru,2019,0.96,1.274,0.455,,0.027,0.083,,1280000,25.46000859375,5.697,
Portugal,2019,1.221,1.431,0.508,0.0000021524550657883214,0.025,0.047,,91590,111.59391855006005,5.693,
Pakistan,2019,0.677,0.886,0.313,,0.098,0.22,,770880,281.8671673931092,5.653,
Russia,2019,1.183,1.452,0.334,0.000005264481447137951,0.031,0.082,,16376870,8.907887404613946,5.648,
Philippines,2019,0.807,1.293,0.558,,0.107,0.117,,298170,363.4364858973069,5.631,
Serbia,2019,1.004,1.383,0.282,,0.039,0.137,,87460,100.22804710724903,5.603,
Moldova,2019,0.685,1.328,0.245,,0,0.181,,32850,123.0317808219178,5.529,
Libya,2019,1.044,1.303,0.416,,0.152,0.133,,1759540,3.860899439626266,5.525,
Montenegro,2019,1.051,1.361,0.197,,0.08,0.142,,13450,46.69152416356877,5.523,
Tajikistan,2019,0.493,1.098,0.389,,0.144,0.23,,139960,66.85255072877965,5.467,
Croatia,2019,1.155,1.266,0.296,,0.022,0.119,,55960,73.72687634024302,5.432,
Hong Kong,2019,1.438,1.277,0.44,,0.287,0.258,,1050,7092.091428571429,5.43,
Dominican Republic,2019,1.015,1.401,0.497,,0.101,0.113,,48320,222.63483029801324,5.425,
Bosnia and Herzegovina,2019,0.945,1.212,0.212,,0.006,0.263,,51000,64.65358823529412,5.386,
Turkey,2019,1.183,1.36,0.195,0.0000017347446673590012,0.106,0.083,,769630,108.60515832283045,5.373,
Malaysia,2019,1.221,1.171,0.508,0.0000029980566971246325,0.024,0.26,,328550,97.46078831228124,5.339,
Belarus,2019,1.067,1.465,0.235,,0.142,0.094,,202910,46.58153861317825,5.323,
Greece,2019,1.181,1.156,0.067,,0.034,0,,128900,81.18182311869667,5.287,
Mongolia,2019,0.948,1.531,0.317,,0.038,0.235,,1553560,2.081747084116481,5.285,
North Macedonia,2019,0.983,1.294,0.345,,0.034,0.185,,25220,82.61078509119746,5.274,
Nigeria,2019,0.696,1.111,0.426,0.0000007779657812197098,0.041,0.215,,910770,221.57994005072632,5.265,
Kyrgyzstan,2019,0.551,1.438,0.508,,0.023,0.3,,191800,33.54578206465068,5.261,
Turkmenistan,2019,1.052,1.538,0.394,,0.028,0.244,,469930,12.676741216776966,5.247,
Algeria,2019,1.002,1.16,0.086,0.000001505097254985102,0.114,0.073,,2381740,18.132364573798988,5.211,
Morocco,2019,0.801,0.782,0.418,,0.076,0.036,,446300,81.88848980506386,5.208,
Azerbaijan,2019,1.043,1.147,0.351,,0.182,0.035,,82658,121.74888093106536,5.208,
Lebanon,2019,0.987,1.224,0.216,,0.027,0.166,,10230,669.6230694037146,5.197,
Indonesia,2019,0.931,1.203,0.491,0.0000008741402116399677,0.028,0.498,,1811570,149.66220074300193,5.192,
China,2019,1.029,1.125,0.521,0.000002306312660167891,0.1,0.058,,9388211,152.82547079523457,5.191,
Vietnam,2019,0.741,1.346,0.543,,0.073,0.147,,310070,311.5862321411294,5.175,
Bhutan,2019,0.813,1.321,0.457,,0.167,0.37,,38117,20.05805808431933,5.082,
Cameroon,2019,0.549,0.91,0.381,,0.037,0.187,,472710,54.971549152757504,5.044,
Bulgaria,2019,1.092,1.513,0.311,,0.004,0.081,,108560,64.39473102431835,5.011,
Ghana,2019,0.611,0.868,0.381,,0.04,0.245,,227540,134.15814362309925,4.996,
Ivory Coast,2019,0.569,0.808,0.352,,0.09,0.154,,,,4.944,
Nepal,2019,0.446,1.226,0.439,,0.089,0.285,,143350,200.1890338332752,4.913,
Jordan,2019,0.837,1.225,0.383,,0.13,0.11,,88780,113.9802207704438,4.906,
Benin,2019,0.393,0.437,0.349,,0.082,0.175,,112760,105.12088506562611,4.883,
Congo (Brazzaville),2019,0.673,0.799,0.372,,0.093,0.105,,,,4.812,
Gabon,2019,1.057,1.183,0.295,,0.055,0.043,,257670,8.465451934645088,4.799,
Laos,2019,0.764,1.03,0.547,,0.164,0.266,,230800,31.141408145580588,4.796,
South Africa,2019,0.96,1.351,0.389,0.0000021981278630189423,0.055,0.13,,1213090,48.3775350551072,4.722,
Albania,2019,0.947,0.848,0.383,,0.027,0.178,,27400,105.1225912408759,4.719,
Venezuela,2019,0.96,1.427,0.154,0.0000012630927900593475,0.047,0.064,,882050,32.312758913893774,4.707,
Cambodia,2019,0.574,1.122,0.609,,0.062,0.232,,176520,93.62126104690687,4.7,
Palestinian Territories,2019,0.657,1.247,0.225,,0.066,0.103,,,,4.696,
Senegal,2019,0.45,1.134,0.292,,0.072,0.153,,192530,85.0203968212746,4.681,
Somalia,2019,0,0.698,0.559,,0.27,0.243,,627340,24.73225204833105,4.668,
Namibia,2019,0.879,1.313,0.401,,0.056,0.07,,823290,3.0393761614983785,4.639,
Niger,2019,0.138,0.774,0.318,,0.102,0.188,,1266700,18.513096234309625,4.628,
Burkina Faso,2019,0.331,1.056,0.255,,0.113,0.177,,273600,74.61767909356725,4.587,
Armenia,2019,0.85,1.055,0.283,,0.064,0.095,,28470,103.92367404285213,4.559,
Iran,2019,1.1,0.842,0.305,0.0000032371461680402574,0.125,0.27,,1628550,51.025688495901264,4.548,
Guinea,2019,0.38,0.829,0.332,,0.086,0.207,,245720,52.212803190623475,4.534,
Georgia,2019,0.886,0.666,0.346,,0.164,0.043,,69490,57.49608576773637,4.519,
Gambia,2019,0.308,0.939,0.382,,0.167,0.269,,10120,233.08498023715416,4.516,
Kenya,2019,0.512,0.983,0.431,,0.053,0.372,,569140,92.72132867132868,4.509,
Mauritania,2019,0.57,1.167,0.066,,0.088,0.106,,1030700,4.410413311341807,4.49,
Mozambique,2019,0.204,0.986,0.494,,0.138,0.197,,786380,38.797290114194155,4.466,
Tunisia,2019,0.921,1,0.167,,0.055,0.059,,155360,75.4120623069001,4.461,
Bangladesh,2019,0.562,0.928,0.527,,0.143,0.166,,130170,1254.737113006069,4.456,
Iraq,2019,1.043,0.98,0.241,,0.089,0.148,,434320,90.85481212009579,4.437,
Congo (Kinshasa),2019,0.094,1.125,0.269,,0.053,0.212,,,,4.418,
Mali,2019,0.385,1.105,0.327,,0.052,0.153,,1220190,16.188711594096002,4.39,
Sierra Leone,2019,0.268,0.841,0.309,,0.045,0.252,,72180,108.62274868384594,4.374,
Sri Lanka,2019,0.949,1.265,0.47,,0.047,0.244,,62710,340.2878966671982,4.366,
Myanmar,2019,0.71,1.181,0.525,,0.172,0.566,,653290,82.82519554868435,4.36,
Chad,2019,0.35,0.766,0.174,,0.078,0.198,,1259200,12.725451874205845,4.35,
Ukraine,2019,0.82,1.39,0.178,0.0000020251919313076743,0.01,0.187,,579320,75.85868259338535,4.332,
Ethiopia,2019,0.336,1.033,0.344,,0.1,0.209,,1000000,112.54959,4.286,
Swaziland,2019,0.811,1.149,0.313,,0.135,0.074,,,,4.212,
Uganda,2019,0.332,1.069,0.356,,0.06,0.252,,199810,222.7291877283419,4.189,
Egypt,2019,0.913,1.039,0.241,0.0000009631348040110533,0.067,0.076,,995450,101.17313476317243,4.166,
Zambia,2019,0.578,1.058,0.431,,0.087,0.247,,743390,24.13986063842667,4.107,
Togo,2019,0.275,0.572,0.293,,0.085,0.177,,54390,149.19242507813937,4.085,
India,2019,0.755,0.765,0.498,0.0000006867537476701778,0.085,0.2,,2973190,460.36696511154685,4.015,
Liberia,2019,0.073,0.922,0.37,,0.033,0.233,,96320,51.464950166112956,3.975,
Comoros,2019,0.274,0.757,0.142,,0.078,0.275,,1861,458.88232133261687,3.973,
Madagascar,2019,0.274,0.916,0.148,,0.041,0.169,,581795,46.55709485299805,3.933,
Lesotho,2019,0.489,1.169,0.359,,0.093,0.107,,30360,70.09924242424242,3.802,
Burundi,2019,0.046,0.447,0.22,,0.18,0.176,,25680,451.25584112149534,3.775,
Zimbabwe,2019,0.366,1.114,0.361,,0.089,0.151,,386850,37.95350911205894,3.663,
Haiti,2019,0.323,0.688,0.026,,0.11,0.419,,27560,409.5393686502177,3.597,
Botswana,2019,1.041,1.145,0.455,,0.1,0.025,,566730,4.0789352954669775,3.488,
Syria,2019,0.619,0.378,0.013,,0.141,0.331,,183630,93.34274900615368,3.462,
Malawi,2019,0.191,0.56,0.443,,0.089,0.218,,94280,198.4537441663131,3.41,
Yemen,2019,0.287,1.163,0.143,,0.077,0.108,,527970,55.44145690096028,3.38,
Rwanda,2019,0.359,0.711,0.555,,0.411,0.217,,24670,513.9860154033239,3.334,
Tanzania,2019,0.476,0.885,0.417,,0.147,0.276,,885800,65.79774779860014,3.231,
Afghanistan,2019,0.35,0.517,0,,0.025,0.158,,652860,58.492920381092425,3.203,
Central African Republic,2019,0.026,0,0.225,,0.035,0.235,,622980,7.639686667308742,3.083,
South Sudan,2019,0.306,0.575,0.01,,0.091,0.202,,610952,18.143222380808968,2.853,
