country_name,year,gdp,freedom,trust,generosity,Malaria,Drug use disorders,HIV/AIDS,happiness_score,category
Afghanistan,2015,0.31982,0.23414,0.09719,0.3651,0.06466266297011776,0.09786001226281214,0.046476289009772145,3.575,Least Developed Country
Albania,2015,0.87867,0.35733,0.06413,0.14272,0,0.08987710688358391,0.006913623606429531,4.959,Developing Country
Algeria,2015,0.93929,0.28579,0.17383,0.07822,0,0.1160156099003121,0.07100955433553585,5.605,Developing Country
Angola,2015,0.75778,0.10384,0.07122,0.12344,1.0507708090263224,0.021921005249865143,3.991779119926262,4.033,Least Developed Country
Argentina,2015,1.05351,0.44974,0.08484,0.11451,0,0.016669767938076813,0.40262120061549417,6.574,Developing Country
Armenia,2015,0.76821,0.19847,0.039,0.07855,0,0.030647072063865775,0.10215690687955258,4.35,Developing Country
Australia,2015,1.33358,0.65124,0.35637,0.43562,0,0.39597371598770675,0.0257611441670911,7.284,Developed Country
Austria,2015,1.33723,0.62433,0.18676,0.33088,0,0.17582154615412632,0.049093029120957345,7.2,Developed Country
Azerbaijan,2015,1.02389,0.3703,0.16065,0.07799,0,0.035059921014122655,0.02887287612927748,5.212,Developing Country
Bahrain,2015,1.32376,0.45492,0.306,0.17362,0,0.021291061586524742,0.07806722581725739,5.96,Developing Country
Bangladesh,2015,0.39753,0.4082,0.12569,0.21222,0.04133806678014136,0.01486384191322984,0.019520753757288976,4.694,Least Developed Country
Belarus,2015,1.03192,0.37938,0.1909,0.11046,0,0.31381376494947494,0.3497385730581691,5.813,Developing Country
Belgium,2015,1.30782,0.5845,0.2254,0.2225,0,0.17890229079536257,0.052877524373013574,6.937,Developed Country
Benin,2015,0.28665,0.4845,0.0801,0.1826,4.160816110573973,0.01230450624146079,1.725470375244848,3.34,Least Developed Country
Bhutan,2015,0.77042,0.53206,0.15445,0.47998,0,0.013689460074005221,0.3969943421461514,5.253,Least Developed Country
Bolivia,2015,0.68133,0.57414,0.088,0.20536,0,0.04311688473719158,0.587123536846864,5.89,Developing Country
Bosnia and Herzegovina,2015,0.83223,0.09245,0.00227,0.24808,0,0.03256309766235442,0.0059205632113371685,4.949,Developing Country
Botswana,2015,0.99355,0.49495,0.12474,0.10461,0.004717125760931349,0.028302754565588093,26.9489394722008,4.332,Developing Country
Brazil,2015,0.98124,0.49049,0.17521,0.14574,0.00423826794090241,0.05081049956737028,0.7472991978556663,6.983,Developing Country
Bulgaria,2015,1.01216,0.30587,0.00872,0.11921,0,0.0805847899265678,0.07224843234795734,4.218,Developed Country
Burkina Faso,2015,0.25812,0.39493,0.12832,0.21747,6.324146247167361,0.024878624103726838,2.1119187572497005,3.587,Least Developed Country
Burundi,2015,0.0153,0.1185,0.10062,0.19727,0.902691261652946,0.012811120525642246,3.562476976938209,2.905,Least Developed Country
Cambodia,2015,0.46038,0.66246,0.07247,0.40359,0.06411763585709539,0.02115881983284148,1.125264509292024,3.819,Least Developed Country
Cameroon,2015,0.4225,0.49309,0.05786,0.20618,4.249245173337583,0.028316860000028317,13.60882549001361,4.252,Developing Country
Canada,2015,1.32629,0.63297,0.32957,0.45811,0,0.5588775724173223,0.07442478563379193,7.427,Developed Country
Central African Republic,2015,0.0785,0.48879,0.08289,0.23835,3.6665547775593277,0.027142910136157886,15.595863782400718,3.678,Least Developed Country
Chad,2015,0.34193,0.23501,0.05269,0.18386,1.3942506264381533,0.008505850288387311,2.5864873085271074,3.667,Least Developed Country
Chile,2015,1.10715,0.44132,0.12869,0.33363,0,0.034927274047960276,0.30070200000665803,6.67,Developing Country
China,2015,0.89012,0.51697,0.02781,0.08185,0,0.06280628834738211,0.17896818932711533,5.14,Developing Country
Colombia,2015,0.91861,0.53466,0.0512,0.18401,0.01885658321033039,0.02134316561169264,0.5352368618932242,6.477,Developing Country
Comoros,2015,0.23906,0.22917,0.199,0.17441,0.15401991990964164,0.012834993325803472,0.012834993325803472,3.956,Least Developed Country
Costa Rica,2015,0.95578,0.63376,0.10583,0.25497,0,0.04107304985672693,0.3203697888824701,7.226,Developing Country
Croatia,2015,1.08254,0.25883,0.0243,0.05444,0,0.16327867362817516,0.02366357588814133,5.759,Developed Country
Cyprus,2015,1.20813,0.40672,0.06146,0.30638,0,0.13734306408942407,0.04291970752794502,5.689,Developed Country
Denmark,2015,1.32548,0.64938,0.48357,0.34139,0,0.33718816680277125,0.049173274325404144,7.527,Developed Country
Djibouti,2015,0.44025,0.46074,0.28105,0.18093,1.2523863404944422,0.02178063200859899,10.38936146810172,4.369,Least Developed Country
Dominican Republic,2015,0.89537,0.57672,0.14234,0.21684,0.007750505793163996,0.03875252896581998,1.6159804578746932,4.885,Developing Country
Ecuador,2015,0.86402,0.48574,0.1809,0.11541,0.0006119336859703188,0.033044419042397216,0.7024998714939259,5.975,Developing Country
Egypt,2015,0.8818,0.17288,0.06324,0.11291,0,0.007425145414209209,0.007425145414209209,4.194,Developing Country
El Salvador,2015,0.76454,0.4035,0.11776,0.10692,0,0.014221013190305757,1.0365538503156195,6.13,Developing Country
Estonia,2015,1.15174,0.44888,0.15184,0.0868,0,0.8243474420271989,0.32520128446944546,5.429,Developed Country
Ethiopia,2015,0.19073,0.4345,0.15048,0.24325,0.0744479579964621,0.01692899044866359,2.7378434553087225,4.512,Least Developed Country
Finland,2015,1.29025,0.64169,0.41372,0.23351,0,0.4800508853938517,0.00909187282942901,7.406,Developed Country
France,2015,1.27778,0.55011,0.20646,0.12332,0,0.2620005666459064,0.07479094189714704,6.575,Developed Country
Gabon,2015,1.06024,0.31914,0.11091,0.06822,2.448349725932138,0.04063650997397739,6.100556059843356,3.896,Developing Country
Georgia,2015,0.7419,0.40577,0.38331,0.05547,0,0.0447116656461643,0.131651015513706,4.297,Developing Country
Germany,2015,1.32792,0.61477,0.21843,0.28214,0,0.18170469820346663,0.06085107304745847,6.75,Developed Country
Ghana,2015,0.54558,0.42342,0.04355,0.23087,3.8687009621727335,0.016483905544641138,5.53214203909065,4.633,Developing Country
Greece,2015,1.15406,0.07699,0.01397,0,0,0.18188737402541416,0.04219037026362699,4.857,Developed Country
Guatemala,2015,0.74553,0.57733,0.09472,0.27489,0,0.11410411522012709,0.3085718814823867,6.123,Developing Country
Guinea,2015,0.17417,0.37725,0.12139,0.28657,2.671402395776215,0.013176927305703133,3.5182395906227364,3.656,Least Developed Country
Haiti,2015,0.26673,0.24425,0.17175,0.46187,0.29825425261631894,0.03262155887990988,6.497282484338623,4.518,Least Developed Country
Honduras,2015,0.59532,0.40148,0.06825,0.23027,0.0010942256291058767,0.0930091784739995,0.0842553734411525,4.788,Developing Country
Hungary,2015,1.12094,0.32112,0.02758,0.128,0,0.050114429652278476,0.03375053425561611,4.8,Developed Country
Iceland,2015,1.30232,0.62877,0.14145,0.4363,0,0.3327605817865008,0.030250961980590983,7.561,Developed Country
India,2015,0.64499,0.39786,0.08492,0.26475,0.17647435646036547,0.053149243586485304,0.47733133293153085,4.565,Developing Country
Indonesia,2015,0.82827,0.46611,0,0.51535,0.032751340093325525,0.020883795683038157,0.16641533866243874,5.399,Developing Country
Iran,2015,1.0088,0.30033,0.05863,0.38086,0,0.36861346236530806,0.09659602095730008,4.686,Developing Country
Iraq,2015,0.98549,0,0.13788,0.17922,0,0.15219543166841212,0.01535917200323425,4.677,Developing Country
Ireland,2015,1.33596,0.61777,0.28703,0.45901,0,0.38323100994002757,0.0214095536279345,6.94,Developed Country
Israel,2015,1.22857,0.41319,0.07785,0.33172,0,0.06126740760218497,0.051264565544685385,7.278,Developed Country
Italy,2015,1.25114,0.26236,0.02901,0.22823,0,0.07932691229880999,0.10856126093066958,5.948,Developed Country
Jamaica,2015,0.81038,0.50442,0.02299,0.2123,0,0.017247392108076298,1.5212199839323295,5.709,Developing Country
Japan,2015,1.27074,0.49615,0.1806,0.10705,0,0.035768103741278194,0.01465011656505512,5.987,Developed Country
Jordan,2015,0.90198,0.40661,0.14293,0.11053,0,0.011324557281875643,0.021619609356308047,5.192,Developing Country
Kazakhstan,2015,1.12254,0.51649,0.08454,0.11827,0,0.3307171440149355,0.16111860862266092,5.855,Developing Country
Kenya,2015,0.36471,0.42215,0.05839,0.37542,0.2944846648621752,0.016047642741958593,11.401329140799831,4.419,Developing Country
Kuwait,2015,1.55422,0.55499,0.25609,0.16228,0,0.047932833486382026,0.005045561419619161,6.295,Developing Country
Kyrgyzstan,2015,0.47428,0.43477,0.04232,0.3003,0,0.10165478999870182,0.2733014026194606,5.286,Developing Country
Laos,2015,0.59066,0.59591,0.24249,0.42192,0.08871780153739077,0.023658080409970875,0.5840588601211559,4.876,Least Developed Country
Latvia,2015,1.11312,0.29671,0.06332,0.18226,0,0.21157272585766293,0.7203547570868047,5.098,Developed Country
Lebanon,2015,1.02564,0.33916,0.04582,0.21854,0,0.14918273680320904,0.06885357083225033,4.839,Developing Country
Liberia,2015,0.0712,0.28531,0.06232,0.24362,4.555532816369355,0.01340519710554984,4.638198198520245,4.571,Least Developed Country
Libya,2015,1.13145,0.41668,0.11023,0.18295,0,0.27578482987114306,0.10906744684169498,5.754,Developing Country
Lithuania,2015,1.14723,0.21342,0.01031,0.02641,0,0.42728710592240604,0.2377645992632743,5.833,Developed Country
Luxembourg,2015,1.56391,0.61583,0.37798,0.28034,0,0.2949038873536539,0.05204186247417423,6.946,Developed Country
Madagascar,2015,0.20824,0.19184,0.08124,0.21333,0.9144688182042188,0.01652903421968764,0.8433939710595619,3.681,Least Developed Country
Malawi,2015,0.01604,0.43054,0.06977,0.33128,1.2828188060638361,0.019754092673871484,9.99197923976554,4.292,Least Developed Country
Malaysia,2015,1.12486,0.53024,0.10501,0.33075,0.0016471287548029453,0.03557798110374361,0.7033239783008576,5.77,Developing Country
Mali,2015,0.26074,0.38857,0.12352,0.18798,2.798281634159655,0.0086295691842917,3.0347318298092474,3.995,Least Developed Country
Malta,2015,1.2074,0.60365,0.13586,0.51752,0,0.18353043737597358,0.022941304671996697,6.302,Developed Country
Mauritania,2015,0.45407,0.24232,0.17461,0.219,1.879028584197641,0.012345785704320902,0.05432145709901197,4.436,Least Developed Country
Mauritius,2015,1.00761,0.56066,0.07521,0.37744,0,0.1585238261310675,0.7450619828160173,5.477,Developing Country
Mexico,2015,1.02054,0.48181,0.21312,0.14074,0.0000817127569106276,0.038813559532548114,0.42082069808973227,7.187,Developing Country
Moldova,2015,0.59448,0.32818,0.01615,0.20951,0,0.07109944753277563,0.4118864546726312,5.889,Developing Country
Mongolia,2015,0.82819,0.43626,0.02666,0.3323,0,0.05626108053707489,0.03640422858281317,4.874,Developing Country
Montenegro,2015,0.97438,0.1826,0.14296,0.1614,0,0.015931558026717224,0.015931558026717224,5.192,Developing Country
Morocco,2015,0.73479,0.41691,0.08546,0.07172,0,0.10289819669185747,0.16210777355923914,5.013,Developing Country
Mozambique,2015,0.08308,0.34037,0.15603,0.22269,3.5192432480526263,0.042668737324834165,20.081762947559344,4.971,Least Developed Country
Myanmar,2015,0.27108,0.44017,0.19034,0.79588,0.25735331544762613,0.037985729217361784,1.767475980483844,4.307,Least Developed Country
Nepal,2015,0.35997,0.38282,0.05907,0.32296,0.000752312250509748,0.012036996008155968,0.6639155610748526,4.514,Least Developed Country
Netherlands,2015,1.32944,0.61576,0.31814,0.4761,0,0.09555924395885668,0.03244295319590813,7.378,Developed Country
New Zealand,2015,1.25018,0.63938,0.42922,0.47501,0,0.12518424206661052,0.012950094006890745,7.286,Developed Country
Nicaragua,2015,0.59325,0.55475,0.19317,0.27815,0,0.016018414769619155,0.6551531640774234,5.828,Developing Country
Niger,2015,0.0694,0.47692,0.15639,0.19387,3.8113794037426114,0.005536869181348221,0.9261672085164296,3.845,Least Developed Country
Nigeria,2015,0.65435,0.34334,0.0403,0.27233,3.818681337188038,0.012975940805679589,3.712554706428395,5.268,Developing Country
Norway,2015,1.459,0.66973,0.36503,0.34699,0,0.48306641358076047,0.023003162551464784,7.522,Developed Country
Oman,2015,1.36011,0.63274,0.32524,0.21542,0,0.03355811303177864,0.2147719234033833,6.853,Developing Country
Pakistan,2015,0.59543,0.12102,0.10464,0.33671,0.06920772565841525,0.04315481737226327,0.10876214111781297,5.194,Developing Country
Panama,2015,1.06353,0.5421,0.0927,0.24434,0,0.03262515007569035,1.4480547379748716,6.786,Developing Country
Paraguay,2015,0.75985,0.53899,0.08242,0.3424,0,0.017888972983625778,0.8497262167222244,5.878,Developing Country
Peru,2015,0.90019,0.41496,0.05989,0.14982,0.012360454132192519,0.05171874228996344,0.7120272130360374,5.824,Developing Country
Philippines,2015,0.70532,0.62545,0.12279,0.24991,0.003121707421776475,0.02585163958658643,0.4465992680278969,5.073,Developing Country
Poland,2015,1.12555,0.53122,0.04212,0.16759,0,0.04731234223140934,0.04389533973691867,5.791,Developed Country
Portugal,2015,1.15991,0.51469,0.01078,0.13719,0,0.0425581346537446,0.500058082181499,5.102,Developed Country
Qatar,2015,1.69042,0.6404,0.52208,0.32573,0,0.022689851661313123,0.015126567774208748,6.611,Developing Country
Romania,2015,1.04345,0.35068,0.00649,0.13748,0,0.07506698847061742,0.07254796201187187,5.124,Developed Country
Russia,2015,1.13764,0.36679,0.03005,0.00199,0,0.5193824622175695,1.4031016965830003,5.716,Developing Country
Rwanda,2015,0.22208,0.59201,0.55191,0.22628,0.7373255366064552,0.013182220559114218,3.2498567751736256,3.465,Least Developed Country
Saudi Arabia,2015,1.39541,0.31048,0.32524,0.13706,0,0.043817084616912354,0.18086200884427653,6.411,Developing Country
Senegal,2015,0.36498,0.36772,0.10713,0.20843,2.762930228809447,0.011660827678689324,1.5152216671896892,3.904,Least Developed Country
Serbia,2015,0.92053,0.20107,0.02617,0.19231,0,0.06849775770905768,0.09657060922916329,5.123,Developing Country
Sierra Leone,2015,0.33024,0.4084,0.08786,0.21488,6.68724752335248,0.011133814815155015,4.116728027903567,4.507,Least Developed Country
Singapore,2015,1.52186,0.54252,0.4921,0.31105,0,0.026651045600472045,0.06396250944113291,6.798,Developed Country
Slovakia,2015,1.16891,0.31751,0.03431,0.16893,0,0.040389472006791306,0.007343540364871147,5.995,Developed Country
Slovenia,2015,1.18498,0.60855,0.03787,0.25328,0,0.1299595825698208,0.014439953618868975,5.848,Developed Country
South Africa,2015,0.92049,0.33207,0.08884,0.11973,0.0005387483625641433,0.024602841890429213,28.37066835541531,4.642,Developing Country
South Korea,2015,1.24461,0.33208,0.07857,0.18557,0.0005875717873175803,0.019781583506358537,0.024482157804899176,5.984,Developed Country
Spain,2015,1.23011,0.45951,0.06398,0.18227,0,0.14763873380393447,0.1412103419111652,6.329,Developed Country
Sri Lanka,2015,0.83524,0.53726,0.09179,0.40828,0,0.055287090130825466,0.025260480835635774,4.271,Developing Country
Sudan,2015,0.52107,0.10081,0.1466,0.19062,0.31514589632925577,0.08084625118250516,1.1444636512937434,4.55,Least Developed Country
Suriname,2015,0.99534,0.59657,0.13633,0.16991,0,0.035635315310178696,1.9243070267496496,6.269,Developing Country
Sweden,2015,1.33171,0.6598,0.43844,0.36262,0,0.4226299773484624,0.02552113389785401,7.364,Developed Country
Switzerland,2015,1.39651,0.66557,0.41978,0.29678,0,0.22037696437917773,0.038326428587683085,7.587,Developed Country
Syria,2015,0.6632,0.15684,0.18906,0.47179,0,0.08496321644016186,0.007782890055587346,3.006,Developing Country
Taiwan,2015,1.29098,0.3974,0.08129,0.25376,0,0.16476158088609796,0.06988601759950169,6.298,Developed Country
Tajikistan,2015,0.39047,0.47216,0.15072,0.22974,0,0.02355664046971941,0.1036492180667654,4.786,Developing Country
Tanzania,2015,0.2852,0.32878,0.05747,0.34377,0.4459920817425033,0.030174060528192062,7.169940795573173,3.781,Least Developed Country
Thailand,2015,0.9669,0.55664,0.03187,0.5763,0.0010150989295114724,0.05322018673295862,3.037756053629475,6.455,Developing Country
Togo,2015,0.20868,0.36453,0.10731,0.16681,4.774090944317645,0.017737405623357926,7.284616047931382,2.839,Least Developed Country
Trinidad and Tobago,2015,1.21183,0.55884,0.0114,0.31844,0,0.06532588908535045,1.6186303628925724,6.168,Developing Country
Tunisia,2015,0.88113,0.26268,0.06358,0.06431,0,0.12477253521214629,0.11675144366279402,4.739,Developing Country
Turkey,2015,1.06098,0.22815,0.15746,0.12253,0,0.03727423757298183,0.021764152139928987,5.332,Developing Country
Turkmenistan,2015,0.95847,0.4761,0.30844,0.16979,0,0.08927396519422355,0.19818820273117627,5.548,Developing Country
Uganda,2015,0.21102,0.45727,0.07267,0.29066,0.7952277633562724,0.009840004886857165,6.342142097076464,3.931,Least Developed Country
Ukraine,2015,0.79907,0.25123,0.02961,0.15275,0,0.3405507265423013,1.5315891030525173,4.681,Developing Country
United Arab Emirates,2015,1.42727,0.64157,0.38583,0.26428,0,0.7829005919222486,0.1503512796558502,6.901,Developing Country
United Kingdom,2015,1.26637,0.59625,0.32067,0.51912,0,0.4077432837404356,0.0388398902599303,6.867,Developed Country
Uruguay,2015,1.06166,0.60362,0.24558,0.2324,0,0.040985262285186,0.5298808909727618,6.485,Developing Country
Uzbekistan,2015,0.63244,0.65821,0.30826,0.22837,0,0.05045896932123591,0.1844805629961109,6.003,Developing Country
Venezuela,2015,1.04424,0.42908,0.11069,0.05841,0.0638422818064243,0.03539083013182217,0.7293286758538255,6.81,Developing Country
Vietnam,2015,0.63216,0.59444,0.10441,0.1686,0.008377399618856243,0.10568411826864799,0.7774871261653888,5.36,Developing Country
Yemen,2015,0.54649,0.35571,0.07854,0.09131,1.5325795451616513,0.07552059048234662,0.07890210945916812,4.077,Least Developed Country
Zambia,2015,0.47038,0.48827,0.12468,0.19591,1.130971195179199,0.030276975665700808,13.061991918444425,5.129,Least Developed Country
Zimbabwe,2015,0.271,0.25861,0.08079,0.18987,0.36488711558255493,0.07529416670751134,18.271867109270875,4.61,Developing Country
Afghanistan,2016,0.38227,0.1643,0.07112,0.31268,0.08641093233962074,0.09963996758379721,0.04953851495691613,3.36,Least Developed Country
Albania,2016,0.9553,0.31866,0.05301,0.1684,0,0.09343469036262694,0.006921088175009404,4.655,Developing Country
Algeria,2016,1.05266,0.21006,0.16157,0.07044,0,0.11546209548553503,0.06765931709980397,6.355,Developing Country
Angola,2016,0.84731,0.00589,0.08434,0.12071,1.1327355445624399,0.022516149968366542,4.387878025373831,3.866,Least Developed Country
Argentina,2016,1.15137,0.42284,0.07296,0.10989,0,0.01765769120871712,0.41071331110145926,6.65,Developing Country
Armenia,2016,0.86086,0.14037,0.03616,0.07793,0,0.030589656413580312,0.09176896924074093,4.36,Developing Country
Australia,2016,1.44443,0.56837,0.32331,0.47407,0,0.4112635312679312,0.029141427864294526,7.313,Developed Country
Austria,2016,1.45038,0.54355,0.21348,0.32865,0,0.1634473405017856,0.038591733174032715,7.119,Developed Country
Azerbaijan,2016,1.12373,0.35327,0.17914,0.0564,0,0.03575389957567272,0.02962465964841454,5.291,Developing Country
Bahrain,2016,1.44024,0.47375,0.25772,0.17147,0,0.020415871298347335,0.06805290432782445,6.218,Developing Country
Bangladesh,2016,0.54177,0.39778,0.12583,0.19132,0.026578372765200774,0.015719750162790955,0.020012693982348322,4.643,Least Developed Country
Belarus,2016,1.13062,0.29091,0.17457,0.13942,0,0.2906631389674208,0.339283154940153,5.802,Developing Country
Belgium,2016,1.42539,0.51354,0.26248,0.2424,0,0.17899021616665955,0.051766778205063306,6.929,Developed Country
Belize,2016,0.87616,0.51231,0.10771,0.23684,0,0.027045666608067724,2.1636533286454176,5.956,Developing Country
Benin,2016,0.39499,0.39747,0.06681,0.2018,4.259097126519341,0.011940535398911245,1.607379765238052,3.484,Least Developed Country
Bhutan,2016,0.8527,0.46074,0.1616,0.48546,0,0.013531708175181494,0.39241953708026334,5.196,Least Developed Country
Bolivia,2016,0.79422,0.50961,0.07746,0.21698,0,0.046109935307760766,0.5614562711003811,5.822,Developing Country
Bosnia and Herzegovina,2016,0.93383,0.09511,0,0.29889,0,0.03275880348172475,0.005956146087586319,5.163,Developing Country
Botswana,2016,1.09426,0.44089,0.10769,0.12425,0.004612833363701153,0.02767700018220692,25.68425616908802,3.974,Developing Country
Brazil,2016,1.08754,0.40425,0.14166,0.15776,0.0035786407069103706,0.0530509304794686,0.7433417068367474,6.952,Developing Country
Bulgaria,2016,1.11306,0.21219,0.00615,0.12793,0,0.08536585707180556,0.06997201399328325,4.217,Developed Country
Burkina Faso,2016,0.31995,0.3337,0.12533,0.24353,5.421615502156648,0.026245718198545324,1.8896917102952633,3.739,Least Developed Country
Burundi,2016,0.06831,0.0432,0.09419,0.2029,1.2038861635697766,0.013323641335950097,2.778930907212449,2.905,Least Developed Country
Cambodia,2016,0.55604,0.58852,0.08092,0.40339,0.04295978786962159,0.02084813234849283,1.034825478388826,3.907,Least Developed Country
Cameroon,2016,0.52497,0.42736,0.06126,0.2268,4.480098386997755,0.028777396081069176,12.254165965999633,4.513,Developing Country
Canada,2016,1.44015,0.5737,0.31329,0.44834,0,0.5938317169742108,0.07292670208455221,7.404,Developed Country
Chad,2016,0.42214,0.12807,0.04952,0.18667,1.4197646179712313,0.008226545347974299,2.6071293298621883,3.763,Least Developed Country
Chile,2016,1.2167,0.37789,0.11451,0.31595,0,0.0356989243589555,0.2807233597317864,6.705,Developing Country
China,2016,1.0278,0.44012,0.02745,0.04959,0,0.06320966778809436,0.20142616693071347,5.245,Developing Country
Colombia,2016,1.03032,0.44735,0.05399,0.15626,0.026023280467687936,0.022334941503763663,0.5132938391461283,6.481,Developing Country
Comoros,2016,0.27509,0.15412,0.18437,0.1827,0.11280527928707063,0.012533919920785626,0.012533919920785626,3.956,Least Developed Country
Costa Rica,2016,1.06879,0.55225,0.10547,0.22553,0,0.04475246799689987,0.30716466670599457,7.087,Developing Country
Croatia,2016,1.18649,0.23907,0.04002,0.18434,0,0.15472996407646328,0.01904368788633394,5.488,Developed Country
Cyprus,2016,1.31857,0.29507,0.05228,0.27906,0,0.1448349307774228,0.042598509052183174,5.546,Developed Country
Denmark,2016,1.44178,0.57941,0.44453,0.36171,0,0.3394886950264556,0.04549848490045281,7.526,Developed Country
Dominican Republic,2016,1.02787,0.52259,0.12372,0.21286,0.007669550513529136,0.04314122163860138,1.5032319006517105,5.155,Developing Country
Ecuador,2016,0.97306,0.4027,0.18037,0.10074,0.0012040191121177781,0.03551856380747446,0.7115752952616068,5.976,Developing Country
Egypt,2016,0.95395,0.18847,0.10393,0.12706,0,0.0074836253008259265,0.006218787221813095,4.362,Developing Country
El Salvador,2016,0.8737,0.37269,0.10613,0.08877,0,0.015720020153065836,1.0280893180105057,6.068,Developing Country
Estonia,2016,1.27964,0.41511,0.18519,0.08423,0,0.8691413261585087,0.29475227582766816,5.517,Developed Country
Ethiopia,2016,0.29283,0.36703,0.1717,0.29522,0.05929062083209073,0.01751768342766317,2.4720146344652374,4.508,Least Developed Country
Finland,2016,1.40598,0.57104,0.41004,0.25492,0,0.4847511275002583,0.00907773647004229,7.413,Developed Country
France,2016,1.39488,0.46562,0.17808,0.1216,0,0.25786497442146317,0.07416128683181686,6.478,Developed Country
Gabon,2016,1.15851,0.28098,0.09314,0.06244,2.349359094838928,0.0445141723232639,5.752220267995101,4.121,Developing Country
Georgia,2016,0.83792,0.32461,0.3188,0.06786,0,0.04977356759760659,0.08212638653605087,4.252,Developing Country
Germany,2016,1.44787,0.53466,0.28551,0.30452,0,0.18764335747105954,0.055338478893590004,6.994,Developed Country
Ghana,2016,0.63107,0.40973,0.0326,0.21203,3.41723628774418,0.0175063334413124,5.350985879671548,4.276,Developing Country
Greece,2016,1.24886,0.05822,0.04127,0,0,0.17521482656558215,0.026376425504496235,5.033,Developed Country
Guatemala,2016,0.83454,0.50379,0.08701,0.28808,0,0.12143073296432016,0.34565678937863414,6.324,Developing Country
Guinea,2016,0.22415,0.30953,0.1192,0.29914,2.4801868151974746,0.01277130182902922,3.489119659690783,3.607,Least Developed Country
Haiti,2016,0.34097,0.12072,0.14476,0.47958,0.34043173368448715,0.03404317336844871,5.873827534707475,4.028,Least Developed Country
Honduras,2016,0.69429,0.26755,0.06906,0.2044,0.0021511452751223382,0.09572596474294406,0.0838946657297712,4.871,Developing Country
Hungary,2016,1.24142,0.1977,0.04472,0.099,0,0.05331531549081618,0.03280942491742534,5.145,Developed Country
Iceland,2016,1.42666,0.56624,0.14975,0.47678,0,0.3605985936654847,0.03004988280545706,7.501,Developed Country
India,2016,0.74036,0.40285,0.08722,0.25028,0.11877271879339171,0.055007589601580316,0.4052489321818273,4.404,Developing Country
Indonesia,2016,0.95104,0.39237,0.00322,0.56521,0.036848003912000535,0.020919911217878277,0.16442516740463528,5.314,Developing Country
Iran,2016,1.11758,0.22544,0.0557,0.38538,0,0.3573720238761577,0.1018021918049461,4.813,Developing Country
Iraq,2016,1.07474,0.24856,0.13636,0.19589,0,0.1505912052775437,0.014977425479683367,4.575,Developing Country
Ireland,2016,1.48341,0.54008,0.29754,0.44963,0,0.3808634725057833,0.02115908180587685,6.907,Developed Country
Israel,2016,1.33766,0.36432,0.08728,0.32288,0,0.06147124037283536,0.044259293068441466,7.267,Developed Country
Italy,2016,1.35495,0.18827,0.02556,0.16684,0,0.07927757797196508,0.11036359920993478,5.977,Developed Country
Jamaica,2016,0.89333,0.43597,0.04294,0.22245,0,0.017171054958708763,1.4801449374406954,5.51,Developing Country
Japan,2016,1.38007,0.46761,0.18985,0.10224,0,0.03626621099631535,0.01414694868606267,5.921,Developed Country
Jordan,2016,0.99673,0.36023,0.13297,0.14262,0,0.014264108527858416,0.02139616279178762,5.303,Developing Country
Kazakhstan,2016,1.22943,0.4052,0.11132,0.15011,0,0.3304657244523201,0.1496027266101719,5.919,Developing Country
Kenya,2016,0.52267,0.40576,0.06686,0.41328,0.38613690824671315,0.016470294664551747,10.246149977120524,4.356,Developing Country
Kuwait,2016,1.61714,0.43166,0.23669,0.15965,0,0.04966022474231309,0.004966022474231309,6.239,Developing Country
Kyrgyzstan,2016,0.56044,0.40212,0.04762,0.38432,0,0.08839350694036352,0.2602697704355148,5.185,Developing Country
Laos,2016,0.68042,0.52168,0.22423,0.43079,0.024748432186820966,0.02329264205818444,0.5590234093964265,4.876,Least Developed Country
Latvia,2016,1.21788,0.27996,0.0889,0.17445,0,0.22396553374040767,0.6769867269880504,5.56,Developed Country
Lebanon,2016,1.12268,0.26228,0.03061,0.23693,0,0.1555961001854475,0.06627241304194986,5.129,Developing Country
Liberia,2016,0.10706,0.25748,0.04852,0.24063,4.971516582346699,0.013054310500691552,4.4384655702351274,3.622,Least Developed Country
Libya,2016,1.06688,0.40672,0.10339,0.17087,0,0.27795322615395507,0.1090313760051426,5.615,Developing Country
Lithuania,2016,1.2692,0.18929,0.0182,0.02025,0,0.46427329709441717,0.2618082502412127,5.813,Developed Country
Luxembourg,2016,1.69752,0.5487,0.35329,0.27571,0,0.27270805920491964,0.051132761100922436,6.871,Developed Country
Madagascar,2016,0.27954,0.13684,0.07506,0.2204,0.8683247335478946,0.016852882998619027,0.8514718505492757,3.695,Least Developed Country
Malawi,2016,0.08709,0.4143,0.07564,0.30968,1.2564943088130582,0.01975985499520998,9.138351763078873,4.156,Least Developed Country
Malaysia,2016,1.25142,0.39031,0.09081,0.41474,0.0009749098500861625,0.037696514203331616,0.6349912823561206,6.005,Developing Country
Mali,2016,0.31292,0.27544,0.13647,0.21064,1.9905537155203885,0.008901302249392458,2.7632980170457713,4.073,Least Developed Country
Malta,2016,1.30782,0.54994,0.17554,0.56237,0,0.18303871726466941,0.022879839658083677,6.488,Developed Country
Mauritania,2016,0.61391,0.1268,0.17955,0.22686,2.465304256638892,0.01197912661146206,0.05031233176814065,4.201,Least Developed Country
Mauritius,2016,1.14372,0.46145,0.05203,0.36951,0,0.15826040166489944,1.0286926108218464,5.648,Developing Country
Mexico,2016,1.11508,0.37709,0.18355,0.11735,0.00008081648180381353,0.04048905738371058,0.3996375025198579,6.778,Developing Country
Moldova,2016,0.69177,0.25202,0.01903,0.19997,0,0.06880462288431928,0.3759681179036018,5.897,Developing Country
Mongolia,2016,0.98853,0.35972,0.03285,0.34539,0,0.0585413448247825,0.03577526628181153,4.907,Developing Country
Montenegro,2016,1.07838,0.15111,0.12721,0.17191,0,0.015929553144175202,0.015929553144175202,5.161,Developing Country
Morocco,2016,0.84058,0.25646,0.08404,0.04053,0,0.10502275587659088,0.14589647708261544,5.151,Developing Country
Myanmar,2016,0.34112,0.42692,0.20243,0.81971,0.1286410607326897,0.03829052100987684,1.4673003100287287,4.395,Least Developed Country
Namibia,2016,0.93287,0.48614,0.10398,0.07795,0.08886395056117584,0.025389700160335957,17.252301258948282,4.574,Developing Country
Nepal,2016,0.44626,0.37012,0.07008,0.3816,0,0.012171371135202395,0.6093062156167985,4.793,Least Developed Country
Netherlands,2016,1.46468,0.55211,0.29927,0.47416,0,0.10064402760683334,0.03472513233218227,7.339,Developed Country
New Zealand,2016,1.36066,0.58147,0.41904,0.49401,0,0.12841528475768357,0.019262292713652537,7.334,Developed Country
Nicaragua,2016,0.69384,0.46582,0.16292,0.29773,0.004745433587894209,0.015818111959647364,0.6944151150285193,5.992,Developing Country
Niger,2016,0.1327,0.38041,0.17176,0.2097,3.3540833122699727,0.005779580664451418,0.8303330887928536,3.856,Least Developed Country
Nigeria,2016,0.75216,0.27854,0.0305,0.23219,3.8381387988489952,0.013205898772212161,3.7270696746225447,4.875,Developing Country
Norway,2016,1.57744,0.59609,0.35776,0.37895,0,0.46966586031186575,0.026620737021725183,7.498,Developed Country
Pakistan,2016,0.68816,0.14622,0.1388,0.31185,0.0729302864384478,0.04233872333507205,0.12026155287199077,5.132,Developing Country
Panama,2016,1.18306,0.48927,0.08423,0.2418,0,0.03454245069805358,1.3471555772240895,6.701,Developing Country
Paraguay,2016,0.89373,0.46235,0.07396,0.25296,0,0.020600519868833548,0.8357925203926753,5.538,Developing Country
Peru,2016,0.99602,0.37502,0.05292,0.14527,0.011536757648101203,0.05127447843600535,0.7194450255552,5.743,Developing Country
Philippines,2016,0.81217,0.54854,0.11757,0.21674,0.0011541516933117333,0.0268340268694978,0.4200150370576949,5.279,Developing Country
Poland,2016,1.24585,0.4519,0.055,0.14443,0,0.04788984199614966,0.0344701609972286,5.835,Developed Country
Portugal,2016,1.27607,0.44727,0.01521,0.11691,0,0.04364981942069705,0.49857793738307304,5.123,Developed Country
Puerto Rico,2016,1.35943,0.46823,0.12275,0.22202,0,0.1880729850689176,0.7841687174059954,7.039,
Qatar,2016,1.82427,0.56679,0.48049,0.32388,0,0.025990034678131987,0.014851448387503992,6.375,Developing Country
Romania,2016,1.1697,0.36712,0.00679,0.12889,0,0.07301464065236148,0.08822602412160345,5.528,Developed Country
Russia,2016,1.23228,0.32682,0.03586,0.02736,0,0.4689193500997442,1.5664047728302637,5.856,Developing Country
Rwanda,2016,0.32846,0.5432,0.50521,0.23552,0.9928033717037882,0.012815878292217574,2.9040780210165025,3.515,Least Developed Country
Saudi Arabia,2016,1.48953,0.37904,0.30008,0.15457,0.0003055807727599921,0.04736501977779878,0.18334846365599528,6.379,Developing Country
Senegal,2016,0.44314,0.31056,0.11681,0.19103,2.1868341668947116,0.011979006391997811,1.3636102276224173,4.219,Least Developed Country
Serbia,2016,1.03437,0.15718,0.04339,0.20737,0,0.06651232050551167,0.08680421489702371,5.177,Developing Country
Sierra Leone,2016,0.36485,0.30685,0.08196,0.23897,6.77499215548709,0.010885707419943104,3.9583153605768118,4.635,Least Developed Country
Singapore,2016,1.64555,0.4877,0.46987,0.32706,0,0.02643496944646231,0.05639460148578627,6.739,Developed Country
Slovakia,2016,1.27973,0.23391,0.02947,0.13837,0,0.03486498900009597,0.005504998263173047,6.078,Developed Country
Slovenia,2016,1.29947,0.53164,0.03635,0.25738,0,0.12512915976250485,0.014437979972596713,5.768,Developed Country
Somalia,2016,0,0.56778,0.3118,0.27225,0.7229300127501133,0.014825713152101934,2.036064606221999,5.44,Least Developed Country
South Africa,2016,1.02416,0.42483,0.08415,0.13656,0.0008859743247475806,0.02232655298363903,29.22279993260925,4.459,Developing Country
South Korea,2016,1.35948,0.25168,0.07716,0.18824,0.0005870672834682557,0.02054735492138895,0.026809405945050345,5.835,Developed Country
South Sudan,2016,0.39394,0.19662,0.13015,0.25899,0.8353756224858047,0.00841923919638549,4.121685322141607,3.832,Least Developed Country
Spain,2016,1.34253,0.37545,0.06137,0.17665,0,0.14822439597059262,0.15336512646668254,6.361,Developed Country
Sri Lanka,2016,0.97318,0.50817,0.07964,0.46978,0,0.05742515295735267,0.02325481400752298,4.415,Developing Country
Sudan,2016,0.63069,0,0.10039,0.18077,0.3533526723493333,0.08300903800399527,1.1528475761461217,4.139,Least Developed Country
Suriname,2016,1.09686,0.52234,0.12692,0.16665,0,0.05295665850545718,1.8534830476910016,6.269,Developing Country
Sweden,2016,1.45181,0.58218,0.40867,0.38254,0,0.4422494715068099,0.024344007605879445,7.291,Developed Country
Switzerland,2016,1.52733,0.58557,0.41203,0.28083,0,0.2234746576766457,0.043981714542744105,7.509,Developed Country
Syria,2016,0.74719,0.06912,0.17233,0.48397,0,0.08454813438862865,0.006940518494588919,3.069,Developing Country
Taiwan,2016,1.39729,0.32377,0.0663,0.25495,0,0.1784146061188938,0.08709338592533679,6.379,Developed Country
Tajikistan,2016,0.48835,0.43408,0.13509,0.25998,0,0.02182201915238224,0.0826939673142906,4.996,Developing Country
Tanzania,2016,0.47155,0.3176,0.05099,0.31472,0.46085136404093757,0.03088664638443554,6.545144035355417,3.666,Least Developed Country
Thailand,2016,1.0893,0.49553,0.02833,0.58696,0.001012538231997157,0.057570030904981216,2.9511150013151424,6.474,Developing Country
Togo,2016,0.28123,0.34678,0.11587,0.17517,4.314662330831884,0.018603410111378615,6.325159437868729,3.303,Least Developed Country
Trinidad and Tobago,2016,1.32572,0.48453,0.01241,0.31935,0,0.06511250355405748,1.5771695305316147,6.168,Developing Country
Tunisia,2016,0.97724,0.23553,0.0817,0.03936,0,0.12693579287886675,0.11723930870061999,5.045,Developing Country
Turkey,2016,1.16492,0.23889,0.12348,0.04707,0,0.04217299406689048,0.02238507896219113,5.389,Developing Country
Turkmenistan,2016,1.08017,0.37408,0.28467,0.22567,0,0.09666339065648151,0.1915692651192088,5.658,Developing Country
Uganda,2016,0.34719,0.43653,0.06442,0.27102,0.9581114951428411,0.009977729707293322,5.788829332928903,3.739,Least Developed Country
Ukraine,2016,0.87287,0.12859,0.01829,0.20363,0,0.33783421216435694,1.5503258948693919,4.324,Developing Country
United Arab Emirates,2016,1.57352,0.56215,0.35561,0.26591,0,0.797336556608775,0.15904319613206946,6.573,Developing Country
United Kingdom,2016,1.40283,0.50036,0.27399,0.50156,0,0.41879040703601556,0.03833149813143718,6.725,Developed Country
Uruguay,2016,1.18157,0.54388,0.21394,0.18056,0,0.04084183183784159,0.5396956350000496,6.545,Developing Country
Uzbekistan,2016,0.73591,0.60848,0.28333,0.34326,0,0.05031346873204616,0.17973616503020265,5.987,Developing Country
Venezuela,2016,1.13367,0.19847,0.08304,0.0425,0.0835040062438729,0.03340160249754916,0.7031733192452797,6.084,Developing Country
Vietnam,2016,0.74037,0.55954,0.11556,0.25075,0.004468839864911652,0.110337784283652,0.7485306773727017,5.061,Developing Country
Yemen,2016,0.57939,0.2287,0.05892,0.09821,1.6213759150711344,0.0784477607563244,0.0795474957201981,3.724,Least Developed Country
Zambia,2016,0.61202,0.42662,0.11479,0.17866,1.0197504286004946,0.030531449958098637,12.39027302199559,4.795,Least Developed Country
Zimbabwe,2016,0.35041,0.25429,0.08582,0.18503,0.27797681630586346,0.0784037174196025,16.750597846164354,4.193,Developing Country
Afghanistan,2017,0.40147722,0.10617952,0.06115783,0.31187093,0.08732784057693056,0.10243171237482736,0.0519023958145908,3.794,
Albania,2017,0.99619275,0.38149863,0.039864216,0.20131294,0,0.09699996431787027,0.006928568879847876,4.644,
Algeria,2017,1.0918645,0.23333581,0.14609611,0.06943665,0,0.1163724551399814,0.06323544566490726,5.872,
Angola,2017,0.8584282,0,0.069720335,0.09792649,1.2079917363067383,0.023069867092489604,4.760751268550138,3.795,
Argentina,2017,1.1852955,0.4945192,0.059739888,0.10945706,0,0.018399825342497417,0.4052504742100665,6.599,
Armenia,2017,0.90059674,0.19830327,0.026674422,0.08348809,0,0.033924950545903346,0.07463489120098736,4.376,
Australia,2017,1.4844149,0.6016074,0.30118373,0.47769925,0,0.4213193939196839,0.028790834425695435,7.284,
Austria,2017,1.4870973,0.5677662,0.22106037,0.31647232,0,0.15347335595334996,0.04062530010529852,7.006,
Azerbaijan,2017,1.1536018,0.39815584,0.1809875,0.04526934,0,0.03744711480607303,0.031374609702385516,5.234,
Bahrain,2017,1.4884123,0.5367469,0.25704217,0.17266849,0,0.019609791299527793,0.06536597099842599,6.087,
Bangladesh,2017,0.586683,0.47835666,0.12371786,0.17225535,0.02593058204484271,0.016932982491933434,0.020307082324274413,4.608,
Belarus,2017,1.1565576,0.29540026,0.15631382,0.15513751,0,0.26961199978515626,0.3288209095418964,5.569,
Belgium,2017,1.4637808,0.5397707,0.25134313,0.23150334,0,0.18431865778279855,0.04979224404559013,6.891,
Belize,2017,0.9079753,0.5475094,0.09658107,0.24001564,0,0.02652379184128163,2.095379555461249,5.956,
Benin,2017,0.4310854,0.42596278,0.060929015,0.20794846,4.105507437418444,0.012489592378065672,1.570120184671113,3.657,
Bhutan,2017,0.8854164,0.5015377,0.17338039,0.47405455,0,0.013377550597240747,0.37457141672274086,5.011,
Bolivia,2017,0.83375657,0.5587329,0.060477726,0.22556072,0,0.04634397711890902,0.5356294278550832,5.823,
Bosnia and Herzegovina,2017,0.9824094,0.20440318,0,0.3288675,0,0.03295687592784841,0.005992159259608802,5.182,
Botswana,2017,1.1220942,0.50519633,0.0985832,0.09934845,0.02256526438592018,0.03159137014028825,25.327252746756805,3.766,
Brazil,2017,1.1073532,0.43745375,0.11109276,0.1623499,0.004464879102548162,0.053674568136009085,0.7402097419686834,6.635,
Bulgaria,2017,1.1614591,0.28923172,0.011051531,0.113177694,0,0.0902165761681637,0.06766243212612277,4.714,
Burkina Faso,2017,0.3502277,0.32436785,0.120328106,0.25086468,4.613121387736618,0.027530169299633013,1.5764917702714376,4.032,
Burundi,2017,0.09162257,0.059900753,0.084147945,0.20443518,1.3139683112801972,0.012882042267452912,2.0850505555748784,2.905,
Cambodia,2017,0.6017651,0.6333758,0.06810595,0.38592297,0.06911074211924292,0.021791675443004525,0.9457587142263965,4.168,
Cameroon,2017,0.56430537,0.43038875,0.05130663,0.23629846,4.5024401911254825,0.029212912837797127,10.536935366633212,4.695,
Canada,2017,1.4792044,0.6111009,0.28737152,0.43553972,0,0.6281569676233172,0.07091218362875684,7.316,
Central African Republic,2017,0,0.27084205,0.056565076,0.2808765,3.5728228437578426,0.028321156688324366,12.816412676724019,2.693,
Chad,2017,0.438013,0.16234203,0.053581882,0.21611385,1.4171062848962421,0.008628750212482973,2.8388588199068985,3.936,
Chile,2017,1.2527846,0.37689528,0.08228798,0.32666242,0,0.03592085937707332,0.2728913048198555,6.652,
China,2017,1.0811658,0.4727877,0.022794275,0.028806841,0,0.06672156739285773,0.21198619895951637,5.273,
Colombia,2017,1.0706223,0.47748742,0.04666874,0.14901447,0.018238595851846184,0.023507523542379526,0.5033852455109546,6.357,
Costa Rica,2017,1.1097063,0.58013165,0.10010659,0.21461323,0,0.050377965725653284,0.2942073198378152,7.079,
Croatia,2017,1.2225562,0.2557723,0.04310311,0.24800298,0,0.15805241113742657,0.019157868016657767,5.293,
Cyprus,2017,1.3559381,0.35511154,0.041237976,0.2712543,0,0.14375908007719018,0.033825665900515334,5.621,
Denmark,2017,1.482383,0.6260067,0.40077007,0.3552805,0,0.34002917624706136,0.043593484134238636,7.522,
Dominican Republic,2017,1.0793738,0.55258983,0.11394525,0.18696785,0.0028463508501243525,0.044592829985281524,1.4193802905953437,5.23,
Ecuador,2017,1.0008204,0.4551982,0.14013465,0.15011247,0.0005924021813670083,0.0361365330633875,0.7025889871012718,6.008,
Egypt,2017,0.9897018,0.28211015,0.114381365,0.12863144,0,0.007849606902531173,0.005370783670152908,4.735,
El Salvador,2017,0.9097845,0.43245253,0.08998096,0.078257985,0,0.01720371719153383,0.9821758542075679,6.003,
Estonia,2017,1.3208793,0.47913143,0.18324892,0.09889081,0,0.9214278808971385,0.27944943928847643,5.611,
Ethiopia,2017,0.33923385,0.40884274,0.16545571,0.31265074,0.053849098941622646,0.01807456712301421,2.248832022409017,4.46,
Finland,2017,1.4435719,0.61795086,0.38261154,0.24548277,0,0.5039386065009893,0.009063644001816355,7.469,
France,2017,1.4309235,0.47022212,0.17250243,0.1297623,0,0.26453893091955843,0.07276362202449392,6.442,
Gabon,2017,1.1982102,0.31232858,0.07604679,0.04378538,2.216885632316024,0.04337384932792221,5.416911849398284,4.465,
Georgia,2017,0.95061266,0.30941004,0.25166664,0.054008815,0,0.05734804202564255,0.06981500768339094,4.286,
Germany,2017,1.4879234,0.5625114,0.27673194,0.33626917,0,0.1910146400196025,0.0532335882021843,6.951,
Ghana,2017,0.6672248,0.4230263,0.02533637,0.25692394,3.1516787138741225,0.018140635516434456,5.161524218638332,4.12,
Greece,2017,1.2894875,0.09573125,0.043289777,0,0,0.17226465264678487,0.023662727011921,5.227,
Guatemala,2017,0.87200195,0.5313106,0.07722328,0.2834884,0,0.12434370391253652,0.3476909256322111,6.454,
Guinea,2017,0.24454993,0.3485875,0.11093762,0.2648151,2.321041888445936,0.01404189042832061,3.332883992839627,3.507,
Haiti,2017,0.36861026,0.030369857,0.09987215,0.48920378,0.25981097570558437,0.03542876941439787,5.148981154892491,3.603,
Honduras,2017,0.7305731,0.34807986,0.07334545,0.23618887,0,0.09940922367424317,0.08460359461637716,5.181,
Hungary,2017,1.2860119,0.17586352,0.036636937,0.07840166,0,0.059615784491817064,0.03905861742567325,5.324,
Iceland,2017,1.480633,0.62716264,0.15352656,0.47554022,0,0.35821750967187277,0.029851459139322727,7.504,
India,2017,0.79222125,0.469987,0.092226885,0.23153849,0.10341497544626675,0.05648541761076903,0.3457029801227048,4.315,
Indonesia,2017,0.9955386,0.44332346,0.0153171355,0.6117046,0.04334266812542761,0.021219062743144123,0.16059400772386698,5.262,
Iran,2017,1.1568731,0.24932261,0.048761073,0.3872429,0,0.3531019393808971,0.1078579401957744,4.692,
Iraq,2017,1.1027105,0.28855553,0.107215755,0.19963726,0,0.14959621510415855,0.014348482443382882,4.497,
Ireland,2017,1.5357066,0.57311034,0.29838815,0.42785832,0,0.3890078918407477,0.018822962508423274,6.977,
Israel,2017,1.3753824,0.4059886,0.0852421,0.33008265,0,0.06650509555996263,0.04232142444724894,7.213,
Italy,2017,1.3950666,0.2564507,0.028028091,0.17278965,0,0.08318126946246106,0.10805329260866228,5.964,
Jamaica,2017,0.9255793,0.47430724,0.05526778,0.23381834,0,0.02051446868380879,1.4462700422085193,5.311,
Japan,2017,1.4169152,0.50562555,0.16376074,0.12057277,0,0.03661052571899623,0.013483962363313387,5.92,
Jordan,2017,0.9910124,0.41842115,0.11980327,0.17217046,0,0.014118191854932755,0.02117728778239913,5.336,
Kazakhstan,2017,1.2845563,0.43745428,0.11928289,0.20196442,0,0.320297394752812,0.1460908943364805,5.819,
Kenya,2017,0.56047946,0.45276377,0.06464132,0.4448603,0.46727885755123133,0.01667435175628863,9.4216042548658,4.553,
Kuwait,2017,1.6329525,0.4963376,0.21515955,0.2282898,0,0.05133399953457174,0.00488895233662588,6.105,
Kyrgyzstan,2017,0.5962201,0.4549434,0.03943918,0.42858037,0,0.08846154279182378,0.25251749487847874,5.004,
Latvia,2017,1.2607486,0.3257079,0.07384273,0.15307479,0,0.23662028051848646,0.6584216501383973,5.85,
Lebanon,2017,1.0749875,0.28851599,0.03751383,0.26445076,0,0.16640668636535963,0.06656267454614385,5.225,
Liberia,2017,0.11904179,0.33288118,0.03894825,0.2665499,5.2157430631677375,0.012721324544311553,3.9923756861564423,3.533,
Libya,2017,1.1018031,0.46573323,0.09261021,0.15207367,0,0.28460152834048397,0.11051016791944324,5.525,
Lithuania,2017,1.3145823,0.23423178,0.011865643,0.010164657,0,0.47040448419264086,0.2334338041858218,5.902,
Luxembourg,2017,1.7419436,0.5966279,0.31883442,0.28318098,0,0.2512743798967095,0.0502548759793419,6.863,
Madagascar,2017,0.3058087,0.18919677,0.067231975,0.20873253,0.868844187262752,0.017158502800521135,0.8606549018352305,3.644,
Malawi,2017,0.23344204,0.46691465,0.072711654,0.28717047,1.2999914331581055,0.01976529112099639,8.128052431557174,3.97,
Malaysia,2017,1.2912154,0.40226498,0.06560071,0.41660893,0.0016031653923532475,0.039117235573419236,0.49537810623715345,6.084,
Mali,2017,0.4761805,0.30661374,0.10497025,0.1833542,1.4255939076999304,0.009155684333546965,2.473111909391039,4.19,
Malta,2017,1.3432798,0.58876705,0.15306607,0.5747306,0,0.1825496249746142,0.022818703121826774,6.527,
Mauritania,2017,0.6484573,0.09609804,0.136957,0.20187002,2.061477157739532,0.011633618271667789,0.04886119674100471,4.292,
Mauritius,2017,1.1893955,0.49124733,0.042181555,0.36093375,0,0.14219806610630095,0.7978891487075775,5.629,
Mexico,2017,1.1531838,0.41273,0.13277411,0.12099043,0.00007993965515311802,0.043167413782683725,0.4008973705928869,6.578,
Moldova,2017,0.72887063,0.24072905,0.010091286,0.20877913,0,0.06403634900204276,0.41131039551312076,5.838,
Mongolia,2017,1.0272359,0.39414397,0.03290229,0.33846423,0,0.06074415425434472,0.03836472900274404,4.955,
Montenegro,2017,1.121129,0.19498906,0.088174194,0.19791102,0,0.015927548766172434,0.015927548766172434,5.237,
Morocco,2017,0.8781146,0.40815833,0.08776318,0.032209955,0,0.10737539736957191,0.129242971768597,5.235,
Mozambique,2017,0.23430565,0.4807911,0.17943639,0.3222281,3.278732460130074,0.04350759633930565,17.710376196263116,4.55,
Myanmar,2017,0.36711055,0.51449203,0.1888162,0.83807516,0.028475024555961966,0.03859115170084319,1.1957636956625344,4.545,
Namibia,2017,0.9644343,0.52030355,0.09314697,0.077133745,0.2822117766974416,0.02490103912036249,16.434685819439245,4.574,
Nepal,2017,0.4798202,0.44030595,0.072975546,0.39409617,0,0.01193882891375976,0.5596778281692834,4.962,
Netherlands,2017,1.5039446,0.5853845,0.28266183,0.47048983,0,0.09983370054517422,0.02936285310152183,7.377,
New Zealand,2017,1.405706,0.61406213,0.3828167,0.5000051,0,0.1315926037315842,0.019102152154584804,7.314,
Nicaragua,2017,0.7372992,0.44755185,0.13068798,0.30167422,0.006249102667913779,0.01562275666978445,0.7327072878128906,6.071,
Niger,2017,0.16192533,0.3636587,0.13857295,0.22867385,2.9147666009763014,0.005540503597610584,0.7008737050977388,4.028,
Nigeria,2017,0.78375626,0.39495257,0.026121566,0.2309472,3.8746162037053433,0.013318960555725953,3.7285777185531477,5.074,
Norway,2017,1.6164632,0.6354226,0.31596383,0.36201224,0,0.4489344597186954,0.026407909395217376,7.537,
Pakistan,2017,0.72688353,0.23521526,0.12434807,0.31544602,0.09346613346682021,0.041173030075896705,0.131427763059498,5.269,
Panama,2017,1.2337484,0.55002683,0.070983924,0.21055694,0,0.038822588534913154,1.3175415984036152,6.452,
Paraguay,2017,0.9325373,0.4735078,0.09106591,0.22415066,0,0.020337465373649354,0.7989718539647962,5.493,
Peru,2017,1.0352253,0.45000288,0.047049087,0.12681971,0.00978967700034444,0.050843161195337244,0.674856120959228,5.715,
Philippines,2017,0.8576992,0.5852147,0.09933189,0.19351342,0.002560772562699117,0.02797881133319406,0.4101029837448512,5.43,
Poland,2017,1.2917879,0.5203421,0.059307806,0.15846597,0,0.050839340387744014,0.03582461291571599,5.973,
Portugal,2017,1.3151753,0.4984653,0.015869452,0.09510271,0,0.044747765116646236,0.4922254162831086,5.195,
Qatar,2017,1.8707657,0.604131,0.43929926,0.33047387,0,0.02552577629355518,0.01458615788203153,6.375,
Romania,2017,1.2176839,0.45700374,0.0043879007,0.13351992,0,0.07144604654832412,0.07705966449140673,5.825,
Russia,2017,1.2817781,0.3737831,0.03296288,0.052263822,0,0.42227266503420835,1.3730207709715048,5.963,
Rwanda,2017,0.3687459,0.58184385,0.45522,0.25275603,1.112265772664348,0.014131926857469293,2.6243819464135623,3.471,
Saudi Arabia,2017,1.5306236,0.44975057,0.27343225,0.14761601,0.00030057185297888497,0.05109721500641045,0.1863545488469087,6.344,
Senegal,2017,0.47930902,0.37792227,0.11546045,0.1834689,2.51262597785128,0.011632527675237406,1.178762804424057,4.535,
Serbia,2017,1.0693176,0.20871553,0.04090378,0.22012588,0,0.07243364483950458,0.07356542054012184,5.395,
Sierra Leone,2017,0.36842093,0.3186977,0.071095176,0.2930409,6.434305791114802,0.010648416700231363,3.7309390013435637,4.709,
Singapore,2017,1.6922777,0.54984057,0.46430779,0.34596598,0,0.026222368834399972,0.06293368520255993,6.572,
Slovakia,2017,1.3253936,0.29581746,0.024210852,0.13654448,0,0.03484817749534043,0.005502343815053753,6.098,
Slovenia,2017,1.341206,0.5725758,0.04512898,0.2426491,0,0.1299240617918838,0.014436006865764866,5.758,
Somalia,2017,0.022643184,0.60212696,0.28241032,0.2916313,0.6862860545647362,0.015053133799027115,1.90969529241294,5.151,
South Africa,2017,1.0546987,0.47924674,0.0725095,0.13936238,0.018011570213017768,0.020984353646234296,28.537496871582608,4.829,
South Korea,2017,1.4016784,0.25792167,0.06328267,0.20667437,0.0005865636452349671,0.021116291228458817,0.02659088525065184,5.838,
South Sudan,2017,0.39724863,0.14706244,0.11679351,0.28567082,0.8723444089654088,0.008316842882085465,4.046606108961361,3.591,
Spain,2017,1.3843979,0.40878123,0.0709141,0.19013357,0,0.14731080485784784,0.1511648666128497,6.403,
Sri Lanka,2017,1.0098501,0.56121325,0.073653966,0.49086356,0,0.058599965539439615,0.019848375424648904,4.44,
Sudan,2017,0.6595167,0.014995855,0.08984752,0.18231745,0.3888910806278516,0.0848178535373127,1.1500518757724962,4.139,
Sweden,2017,1.4943873,0.6129241,0.38439873,0.38539925,0,0.4606123523734891,0.022173898801349585,7.284,
Switzerland,2017,1.5649796,0.6200706,0.3670073,0.29054928,0,0.23006558402915392,0.043653469790147156,7.494,
Syria,2017,0.77715313,0.081539445,0.15134713,0.49366373,0,0.0859978170068423,0.006756971336251894,3.462,
Tajikistan,2017,0.52471364,0.4715667,0.14637715,0.24899764,0,0.02353355419760722,0.06948001715484037,5.041,
Tanzania,2017,0.5111359,0.39001778,0.06603511,0.35425636,0.4700313089733573,0.03173668908085533,5.739051275454671,3.349,
Thailand,2017,1.1278688,0.58020073,0.031612735,0.5721231,0.0002885686917859557,0.06146513135040856,2.7972406138271615,6.424,
Togo,2017,0.30544472,0.38042614,0.095665015,0.19689615,3.8514036773523475,0.020720396381182775,5.221539888058058,3.495,
Trinidad and Tobago,2017,1.3613559,0.51863074,0.008964816,0.32529646,0,0.06490050752196881,1.535978678019929,6.168,
Tunisia,2017,1.0072658,0.2896807,0.08672315,0.049693357,0,0.12905230786509292,0.11684465712109762,4.805,
Turkey,2017,1.1982744,0.3007406,0.09967158,0.046693042,0,0.04121472942517903,0.022747595469089908,5.5,
Turkmenistan,2017,1.1307768,0.41827193,0.25927034,0.24992499,0,0.10382492763835148,0.18688486974903265,5.822,
Uganda,2017,0.38143072,0.44318596,0.05706972,0.32576606,1.0748136466348144,0.009865090555636306,4.910649589023937,4.081,
Ukraine,2017,0.89465195,0.122974776,0.02302947,0.27006146,0,0.33890907350670185,1.5728799337132535,4.096,
United Arab Emirates,2017,1.6263434,0.60834527,0.32448956,0.36094195,0,0.8072222414750369,0.16542297555519564,6.648,
United Kingdom,2017,1.4416339,0.50819004,0.26542807,0.49277416,0,0.4147679953950286,0.03543619859719603,6.714,
Uruguay,2017,1.2175597,0.57939225,0.17806187,0.17509693,0,0.04069940177693588,0.5319993232270904,6.454,
Uzbekistan,2017,0.7864411,0.65824866,0.24652822,0.41598365,0,0.053288686347560094,0.17762895449186697,5.971,
Venezuela,2017,1.1284312,0.15399712,0.06449112,0.06501963,0.12246501347272154,0.03244799502268691,0.6671028654126598,5.25,
Vietnam,2017,0.7885476,0.5710556,0.08763324,0.23496805,0.006641324426832355,0.11469461867291432,0.7118867278476015,5.074,
Yemen,2017,0.59168345,0.24946372,0.056767423,0.10412521,1.6816170377902544,0.082667277235486,0.08123580923140833,3.593,
Zambia,2017,0.6364068,0.4616035,0.07821355,0.24958014,0.9183713985062618,0.032545378168714174,12.035280846790501,4.514,
Zimbabwe,2017,0.37584653,0.3363842,0.09537538,0.1891435,0.2856660964808815,0.08071646460762007,14.992205947989257,3.875,
Afghanistan,2018,0.332,0.085,0.036,0.191,0.09972897311113861,0.10455456858425821,0.05334963884171125,3.632,
Albania,2018,0.916,0.419,0.032,0.149,0,0.10057295371320547,0.006936065773324515,4.586,
Algeria,2018,0.979,0.077,0.135,0.055,0,0.12007948931915355,0.059214050725162164,5.295,
Angola,2018,0.73,0,0.061,0.079,1.2326284206569527,0.024232537758655685,4.877525200062216,3.795,
Argentina,2018,1.073,0.57,0.054,0.062,0,0.018678021823760757,0.3985394777094012,6.388,
Armenia,2018,0.816,0.26,0.028,0.077,0,0.033861631216360585,0.06772326243272117,4.321,
Australia,2018,1.34,0.647,0.302,0.361,0,0.4351430154016587,0.028047892337123483,7.272,
Austria,2018,1.341,0.617,0.224,0.242,0,0.15483403642571686,0.04039148776323048,7.139,
Azerbaijan,2018,1.024,0.43,0.176,0.031,0,0.03710366764740686,0.033092460334173686,5.201,
Bahrain,2018,1.338,0.594,0.123,0.243,0,0.025153261969336916,0.05659483943100806,6.105,
Bangladesh,2018,0.532,0.58,0.144,0.153,0.007050707226754727,0.01768861637589344,0.019791458882118532,4.5,
Belarus,2018,1.039,0.307,0.154,0.101,0,0.25806593542344175,0.31835183017399993,5.483,
Belgium,2018,1.324,0.583,0.24,0.188,0,0.18873075609454662,0.048704711250205576,6.927,
Belize,2018,0.807,0.593,0.089,0.183,0,0.02602167605615478,2.0557124084362273,5.956,
Benin,2018,0.378,0.44,0.067,0.163,4.481683114825265,0.01214078243180219,1.5149962077398875,4.141,
Bhutan,2018,0.796,0.541,0.171,0.364,0,0.026453731761805307,0.37035224466527433,5.082,
Bolivia,2018,0.751,0.606,0.054,0.141,0,0.04745014768858469,0.5219516245744314,5.752,
Bosnia and Herzegovina,2018,0.915,0.28,0,0.216,0,0.033157358190500474,0.006028610580090996,5.129,
Botswana,2018,1.017,0.557,0.092,0.042,0.02650498625053838,0.03533998166738451,24.870512098421848,3.59,
Brazil,2018,0.986,0.493,0.088,0.11,0.004432746569240045,0.053049967006066345,0.7284956834867187,6.419,
Bulgaria,2018,1.054,0.359,0.009,0.064,0,0.09513848044819029,0.06531895672562318,4.933,
Burkina Faso,2018,0.314,0.312,0.128,0.175,4.336097578733196,0.028235054001053368,1.3068796423344702,4.424,
Burundi,2018,0.091,0.065,0.076,0.149,1.0482678820517837,0.01335940376446623,1.6236128708414626,2.905,
Cambodia,2018,0.549,0.696,0.065,0.256,0.030073153867389173,0.021480824190992266,0.8623016568098325,4.433,
Cameroon,2018,0.535,0.454,0.043,0.183,4.434724154785501,0.0300204004421215,9.04957071222373,4.975,
Canada,2018,1.33,0.653,0.291,0.321,0,0.6494836416558559,0.06893358717408751,7.328,
Central African Republic,2018,0.024,0.305,0.038,0.218,3.572352982700827,0.02780873579347949,11.780208308822429,3.083,
Chad,2018,0.358,0.189,0.06,0.181,1.3895231626113285,0.008362870886086698,2.7359453752712866,4.301,
Chile,2018,1.131,0.431,0.061,0.197,0,0.03720183130797706,0.26572736648555045,6.476,
China,2018,0.989,0.597,0.103,0.029,0,0.073956544041511,0.21620219592078427,5.246,
Colombia,2018,0.96,0.531,0.039,0.099,0.008017742944426297,0.02445411598050021,0.4910867553461107,6.26,
Costa Rica,2018,1.01,0.632,0.101,0.143,0,0.05190611222420885,0.28348722830144835,7.072,
Croatia,2018,1.115,0.38,0.039,0.12,0,0.1662332956618169,0.019273425583978775,5.321,
Cyprus,2018,1.229,0.423,0.035,0.202,0,0.14269909461621497,0.033576257556756466,5.762,
Denmark,2018,1.351,0.683,0.408,0.284,0,0.3405658397172052,0.04170193955720881,7.555,
Dominican Republic,2018,0.982,0.578,0.106,0.12,0.0037563048402899,0.04789288671369623,1.3109503892611754,5.302,
Ecuador,2018,0.889,0.556,0.12,0.114,0.0005830966349726434,0.03731818463824918,0.6886371259026919,5.973,
Egypt,2018,0.885,0.312,0.107,0.092,0,0.00799866626796184,0.004961198064938356,4.419,
El Salvador,2018,0.806,0.461,0.082,0.065,0,0.018672337663085365,0.9367289394314491,6.167,
Estonia,2018,1.2,0.553,0.174,0.086,0,0.9434539017102177,0.27171472369254274,5.739,
Ethiopia,2018,0.308,0.452,0.146,0.22,0.07568522576611048,0.018784525913034648,2.0518903014325516,4.35,
Finland,2018,1.305,0.681,0.393,0.202,0,0.5176368466214875,0.009049595220655375,7.632,
France,2018,1.293,0.52,0.176,0.098,0,0.2733368361056641,0.07091068173590949,6.489,
Gabon,2018,1.036,0.356,0.052,0.032,2.133320301596983,0.04229049056029261,5.056063093652761,4.758,
Georgia,2018,0.853,0.375,0.215,0.038,0,0.059955018747184924,0.06245314452831763,4.34,
Germany,2018,1.34,0.586,0.28,0.273,0,0.19568489123677676,0.05138229045971807,6.965,
Ghana,2018,0.592,0.499,0.029,0.212,3.505710840453332,0.018747116793868087,4.838095212588956,4.657,
Greece,2018,1.154,0.131,0.044,0,0,0.17594351851658122,0.0218740590588182,5.358,
Guatemala,2018,0.781,0.604,0.071,0.179,0,0.12194283250660716,0.34733479780317966,6.382,
Guinea,2018,0.344,0.394,0.094,0.185,2.171928687913658,0.01363470742043286,3.08545408508266,3.964,
Haiti,2018,0.315,0.025,0.104,0.392,0.2978258533293791,0.03677969875453175,4.83967011660241,3.582,
Honduras,2018,0.62,0.459,0.074,0.197,0,0.1040111591492428,0.0852891505023791,5.504,
Hungary,2018,1.171,0.259,0.022,0.061,0,0.06182610192919077,0.03812609618966764,5.62,
Iceland,2018,1.343,0.677,0.138,0.353,0,0.4448345808472023,0.029655638723146818,7.495,
India,2018,0.721,0.539,0.093,0.172,0.12216900973264479,0.059645572944489474,0.3211474675389244,4.19,
Indonesia,2018,0.899,0.538,0.018,0.484,0.02415877630966236,0.02147446783081099,0.16310902215242723,5.093,
Iran,2018,1.059,0.459,0.129,0.282,0,0.3521142129755989,0.114851658110462,4.707,
Iraq,2018,1.01,0.304,0.095,0.148,0,0.15072371248743624,0.014527586745776986,4.456,
Ireland,2018,1.448,0.614,0.306,0.307,0,0.4011011674318257,0.018607786117971297,6.977,
Israel,2018,1.301,0.533,0.272,0.354,0,0.07137588073375833,0.04044633241579639,6.814,
Italy,2018,1.264,0.281,0.028,0.137,0,0.0887458778941837,0.10474652874127631,6,
Jamaica,2018,0.819,0.575,0.031,0.096,0,0.020424468104299588,1.4092882991966715,5.89,
Japan,2018,1.294,0.553,0.15,0.079,0,0.03758597280172069,0.012895605731134295,5.915,
Jordan,2018,0.822,0.468,0.134,0.13,0,0.014973461037656857,0.020962845452719602,5.161,
Kazakhstan,2018,1.143,0.454,0.121,0.148,0,0.35938567266543064,0.1415761740803212,5.79,
Kenya,2018,0.493,0.504,0.055,0.352,0.5337951259017755,0.016868934236634384,9.028757732515864,4.41,
Kuwait,2018,1.474,0.554,0.106,0.167,0,0.05295661601446582,0.004814237819496892,6.083,
Kyrgyzstan,2018,0.53,0.54,0.035,0.281,0,0.09485062291565757,0.24503077586544872,5.131,
Laos,2018,0.72,0.626,0.174,0.23,0.029655437705787557,0.022594619204409565,0.4928451313961837,4.623,
Latvia,2018,1.148,0.363,0.066,0.092,0,0.25474422120532486,0.6342611221846864,5.933,
Lebanon,2018,0.965,0.503,0.136,0.214,0,0.17731238605499125,0.0654021096104476,5.358,
Liberia,2018,0.076,0.419,0.03,0.206,5.210059467039861,0.01447238740844406,3.446495687125178,3.495,
Libya,2018,0.985,0.496,0.148,0.116,0,0.2925562204243946,0.11344016710333668,5.566,
Lithuania,2018,1.197,0.35,0.006,0.026,0,0.5340471165756756,0.22580515667293663,5.952,
Luxembourg,2018,1.576,0.632,0.321,0.196,0,0.24703313208367506,0.04940662641673502,6.91,
Madagascar,2018,0.262,0.221,0.049,0.155,0.9178844629241811,0.01744739061756708,0.8587150512646059,3.774,
Malawi,2018,0.186,0.531,0.08,0.21,1.353725138549512,0.02031960654212249,7.136026146171341,3.587,
Malaysia,2018,1.161,0.356,0.059,0.311,0.0015820521874719184,0.04050053599928111,0.380958166743238,6.322,
Mali,2018,0.37,0.367,0.056,0.139,1.5563266557421096,0.009394325889791406,2.187834118333643,4.447,
Malta,2018,1.27,0.645,0.142,0.376,0,0.1820631394967775,0.022757892437097187,6.627,
Mauritania,2018,0.557,0.129,0.093,0.134,2.7273646262617173,0.011307481866756704,0.045229927467026816,4.356,
Mauritius,2018,1.09,0.584,0.05,0.245,0,0.12618893638500245,0.749246809785952,5.891,
Mexico,2018,1.038,0.479,0.095,0.069,0.00007908165072886711,0.04586735742274292,0.3926403958688252,6.488,
Moldova,2018,0.657,0.232,0,0.171,0,0.06665195386499868,0.4073174958416586,5.64,
Mongolia,2018,0.914,0.395,0.032,0.253,0,0.05972971987390113,0.04401137253866399,5.125,
Montenegro,2018,1.017,0.259,0.081,0.111,0,0.015925544892518496,0.015925544892518496,5.347,
Morocco,2018,0.779,0.46,0.074,0.026,0,0.10939391285741829,0.11825620453194334,5.254,
Mozambique,2018,0.198,0.531,0.158,0.206,3.216406312299515,0.04388924326639413,17.557047744812003,4.417,
Myanmar,2018,0.682,0.58,0.178,0.598,0.03646885340361948,0.039445902661057804,0.9859615009478552,4.308,
Namibia,2018,0.874,0.519,0.064,0.051,0.19137485733411566,0.0244308328511637,14.821371929705979,4.441,
Nepal,2018,0.425,0.526,0.078,0.302,0,0.012780006390003195,0.5108452554226277,4.88,
Netherlands,2018,1.361,0.638,0.295,0.333,0,0.1013707909148333,0.02871195812038631,7.441,
New Zealand,2018,1.268,0.669,0.389,0.365,0,0.13471752786600488,0.01894465235615694,7.324,
Nicaragua,2018,0.668,0.527,0.128,0.208,0.00308643356582923,0.016975384612060766,0.7654355243256491,6.141,
Niger,2018,0.131,0.39,0.099,0.175,2.6495692011522256,0.006207156763074156,0.5967737859355582,4.166,
Nigeria,2018,0.689,0.462,0.032,0.201,4.15709779466018,0.013426070047102924,3.7435341521486603,5.155,
Norway,2018,1.456,0.686,0.34,0.286,0,0.445373782754154,0.024327139394134462,7.594,
Pakistan,2018,0.652,0.334,0.113,0.216,0.07644673329678792,0.04038340948110418,0.14134193318386462,5.472,
Panama,2018,1.112,0.597,0.063,0.125,0,0.04057627863014483,1.2817330367286928,6.43,
Paraguay,2018,0.835,0.541,0.074,0.162,0,0.02151540452761567,0.7171801509205222,5.681,
Peru,2018,0.934,0.53,0.034,0.092,0.003112606960847451,0.051046754157898194,0.6075808787574224,5.663,
Philippines,2018,0.775,0.643,0.105,0.12,0.002151515442352417,0.029092230546591376,0.40055604887621954,5.524,
Poland,2018,1.176,0.546,0.064,0.108,0,0.05326783674832028,0.03507238756201286,6.123,
Portugal,2018,1.188,0.562,0.017,0.055,0,0.047803175789349936,0.4809584829418269,5.41,
Qatar,2018,1.649,0.654,0.171,0.256,0,0.025077812870793376,0.0143301787833105,6.374,
Romania,2018,1.116,0.528,0.001,0.088,0,0.07499355363631413,0.07396624468239203,5.945,
Russia,2018,1.151,0.399,0.025,0.065,0,0.41365753440853026,1.3081096599540307,5.81,
Rwanda,2018,0.332,0.636,0.444,0.2,0.8749659139666495,0.014569275163181952,2.4144526562095425,3.408,
Saudi Arabia,2018,1.379,0.509,0.127,0.098,0,0.054709031053378335,0.18867222601111014,6.371,
Senegal,2018,0.429,0.406,0.082,0.138,2.9143140175866287,0.011305528516499854,1.0030516133805703,4.631,
Serbia,2018,0.975,0.288,0.043,0.134,0,0.0772656241034205,0.06022173643354832,5.398,
Sierra Leone,2018,0.256,0.355,0.053,0.238,6.104247415073974,0.011723906687081896,3.5041454431389227,4.571,
Singapore,2018,1.529,0.631,0.457,0.261,0,0.026013160578199725,0.06243158538767934,6.343,
Slovakia,2018,1.21,0.354,0.014,0.118,0,0.03483138219540735,0.0054996919255906355,6.173,
Slovenia,2018,1.219,0.633,0.051,0.16,0,0.1299063086833707,0.009622689532101533,5.948,
Somalia,2018,0,0.674,0.282,0.238,0.7002887579293596,0.015266958703673244,1.7895530723957853,4.982,
South Africa,2018,0.94,0.516,0.056,0.103,0.020539947228560458,0.02002213343288246,25.489729301446406,4.724,
South Korea,2018,1.266,0.244,0.051,0.175,0.00039070724692787866,0.022074959451425145,0.02676344641455969,5.875,
South Sudan,2018,0.337,0.112,0.106,0.224,0.8162127981801558,0.008216907364229756,3.851903574409483,3.254,
Spain,2018,1.251,0.449,0.074,0.142,0,0.15281887906453273,0.14789614206385449,6.31,
Sri Lanka,2018,0.918,0.585,0.05,0.307,0,0.06117664908010555,0.01647063629079765,4.471,
Sudan,2018,0.605,0.016,0.082,0.134,0.33279917000459147,0.08701410963587099,1.157406855567544,4.139,
Sweden,2018,1.355,0.659,0.383,0.285,0,0.4707314696306591,0.02003112636726209,7.314,
Switzerland,2018,1.42,0.66,0.357,0.256,0,0.2400721106355341,0.043330088261047624,7.487,
Syria,2018,0.689,0.088,0.144,0.376,0,0.08797124309829692,0.006582882136607252,3.462,
Taiwan,2018,1.365,0.418,0.078,0.151,0,0.20557261873819693,0.07371968909668948,6.441,
Tajikistan,2018,0.474,0.292,0.034,0.187,0,0.024069874407771683,0.06455102682084224,5.199,
Tanzania,2018,0.455,0.481,0.097,0.27,0.4874910021043273,0.03253476401421698,4.770409773584565,3.303,
Thailand,2018,1.016,0.637,0.029,0.364,0.0002878444000677931,0.06591636761552462,2.623701706617934,6.072,
Togo,2018,0.259,0.434,0.101,0.158,4.018580948390156,0.02273238751446348,4.360829671524578,3.999,
Tunisia,2018,0.9,0.271,0.063,0.04,0,0.13284888921938165,0.1181837520977616,4.592,
Turkey,2018,1.148,0.324,0.109,0.106,0,0.0411242220506724,0.023464997287736603,5.483,
Turkmenistan,2018,1.016,0.417,0.037,0.199,0,0.10565654465607943,0.18063860860555517,5.636,
Uganda,2018,0.322,0.45,0.061,0.259,0.8712099751752796,0.010224923688373513,4.182923327061892,4.161,
Ukraine,2018,0.793,0.163,0.011,0.187,0,0.3341150615359864,1.5418607037435907,4.103,
United Kingdom,2018,1.244,0.464,0.082,0.262,0,0.39948479252416713,0.03435628707114021,7.19,
Uruguay,2018,1.093,0.625,0.155,0.13,0,0.043454958935063806,0.5214595072207657,6.379,
Uzbekistan,2018,0.719,0.724,0.259,0.328,0,0.05494699456822867,0.17497087655804658,6.096,
Venezuela,2018,0.996,0.133,0.052,0.056,0.15044771490563885,0.03253869182842886,0.6437762684334314,4.806,
Vietnam,2018,0.715,0.618,0.079,0.177,0.005953806608035946,0.11865832117068133,0.6782116895785509,5.103,
Yemen,2018,0.442,0.244,0.064,0.083,1.5447060800805834,0.08704046479748026,0.08284574360242097,3.355,
Zambia,2018,0.562,0.503,0.082,0.221,1.0107673991755215,0.03271649162578349,11.17182092989912,4.377,
Zimbabwe,2018,0.357,0.406,0.099,0.132,0.2813715640090235,0.08434233614029697,13.2189328634313,3.692,
Afghanistan,2019,0.35,0,0.025,0.158,0.11024495643726848,0.10631698886824466,0.056039003984739794,3.203,
Albania,2019,0.947,0.383,0.027,0.178,0,0.10068189416666463,0.006943578908045838,4.719,
Algeria,2019,1.002,0.086,0.114,0.073,0,0.12156554751802748,0.05580437514637071,5.211,
Argentina,2019,1.092,0.471,0.05,0.066,0,0.01917402278422373,0.39106088329684213,6.086,
Armenia,2019,0.85,0.283,0.064,0.095,0,0.03379854781159473,0.06421724084202998,4.559,
Australia,2019,1.372,0.557,0.29,0.332,0,0.4462659734114179,0.027718383441702972,7.228,
Austria,2019,1.376,0.532,0.226,0.244,0,0.1561791441717569,0.03904478604293923,7.246,
Azerbaijan,2019,1.043,0.351,0.182,0.035,0,0.03776015129498936,0.034779086719069145,5.208,
Bahrain,2019,1.362,0.536,0.11,0.255,0,0.024232819234073284,0.04240743365962824,6.199,
Bangladesh,2019,0.562,0.527,0.143,0.166,0.005020537365257502,0.018306593563560892,0.019041306348720526,4.456,
Belarus,2019,1.067,0.235,0.142,0.094,0,0.24862831231101604,0.30787591013832194,5.323,
Belgium,2019,1.356,0.473,0.21,0.16,0,0.19397036202143444,0.04676071227302437,6.923,
Benin,2019,0.393,0.349,0.082,0.175,4.332922678674216,0.012654563897997129,1.4249038949144766,4.883,
Bhutan,2019,0.813,0.457,0.167,0.37,0,0.026159075956800903,0.3531475254168122,5.082,
Bolivia,2019,0.776,0.511,0.064,0.137,0,0.048525660455902044,0.4982545493239942,5.779,
Bosnia and Herzegovina,2019,0.945,0.212,0.006,0.263,0,0.03032754046982819,0.006065508093965638,5.386,
Botswana,2019,1.041,0.455,0.1,0.025,0.03460724026725441,0.03460724026725441,24.01742474547456,3.488,
Brazil,2019,1.004,0.39,0.086,0.099,0.004353749861567317,0.05328611243613913,0.7160972054917026,6.3,
Bulgaria,2019,1.092,0.311,0.004,0.081,0,0.09870267492831898,0.0643713097358602,5.011,
Burkina Faso,2019,0.331,0.255,0.113,0.177,4.518158525156283,0.028409930015076364,1.1829307066622314,4.587,
Burundi,2019,0.046,0.22,0.18,0.176,1.0182728194507369,0.013807089077298124,1.4178154596250514,3.775,
Cambodia,2019,0.574,0.609,0.062,0.232,0.02601956610860748,0.02299403516574615,0.7926891070296699,4.7,
Cameroon,2019,0.549,0.381,0.037,0.187,4.54405499414849,0.030401451942558496,8.33615508835066,5.044,
Canada,2019,1.365,0.584,0.308,0.285,0,0.6741698802942786,0.06672306812096977,7.278,
Central African Republic,2019,0.026,0.225,0.035,0.235,3.45843947478785,0.029415645593578316,11.06658609581264,3.083,
Chad,2019,0.35,0.174,0.078,0.198,1.4696806748973361,0.008736955179856776,2.5299725927956693,4.35,
Chile,2019,1.159,0.357,0.056,0.187,0,0.037933786680720435,0.25763363453989296,6.444,
China,2019,1.029,0.521,0.1,0.058,0,0.07976956299674073,0.2159458602296215,5.191,
Colombia,2019,0.985,0.47,0.034,0.099,0.007534778953379546,0.02518202439682112,0.4764756269729224,6.125,
Comoros,2019,0.274,0.142,0.078,0.275,1.768191292536125,0.01170987610951076,0.01170987610951076,3.973,
Costa Rica,2019,1.034,0.558,0.093,0.144,0,0.05142810914073322,0.2769205876808712,7.167,
Croatia,2019,1.155,0.296,0.022,0.119,0,0.16724207636127777,0.016966587456941226,5.432,
Cyprus,2019,1.263,0.406,0.041,0.19,0,0.14165462602345466,0.04166312530101608,6.046,
Denmark,2019,1.383,0.592,0.41,0.252,0,0.3428301913581166,0.04155517471007474,7.6,
Dominican Republic,2019,1.015,0.497,0.101,0.113,0.004647827164039947,0.049266967938823444,1.2465472453955138,5.425,
Ecuador,2019,0.912,0.498,0.087,0.126,0.0005740789133466918,0.03846328719422835,0.672246407528976,6.028,
Egypt,2019,0.913,0.241,0.067,0.076,0,0.008141964322567667,0.004865320143973362,4.166,
El Salvador,2019,0.794,0.43,0.074,0.093,0,0.01857794788297317,0.9258010695014963,6.253,
Estonia,2019,1.237,0.495,0.161,0.103,0,0.9729930321630768,0.2564477759189504,5.893,
Ethiopia,2019,0.336,0.344,0.1,0.209,0.10306567975947313,0.01928039009293592,1.9189763374526732,4.286,
Finland,2019,1.34,0.596,0.393,0.153,0,0.5258713335609098,0.009035589923726972,7.769,
France,2019,1.324,0.436,0.183,0.111,0,0.2822493910496247,0.06921939932755886,6.592,
Gabon,2019,1.057,0.295,0.055,0.043,2.0629965804685573,0.04584436845485682,4.809074250914481,4.799,
Gambia,2019,0.308,0.382,0.167,0.269,2.013718723768664,0.01695763135805191,4.332674811982262,4.516,
Georgia,2019,0.886,0.346,0.164,0.043,0,0.06507478719918867,0.05506328147623657,4.519,
Germany,2019,1.373,0.495,0.265,0.261,0,0.20080398420953097,0.04954281851176748,6.985,
Ghana,2019,0.611,0.381,0.04,0.245,3.5071346899582867,0.018999982441395537,4.563599230880711,4.996,
Greece,2019,1.181,0.067,0.034,0,0,0.17774656913285572,0.02006816103112887,5.287,
Guatemala,2019,0.8,0.535,0.078,0.175,0,0.12360178317684478,0.34585820063245554,6.436,
Guinea,2019,0.38,0.332,0.086,0.207,2.2510216504945935,0.014029913334107576,2.8815883108997618,4.534,
Haiti,2019,0.323,0.026,0.11,0.419,0.32781351486523547,0.037211263849567265,4.7913932118680895,3.597,
Honduras,2019,0.642,0.507,0.078,0.246,0,0.1074405881686629,0.08697571423177472,5.86,
Hungary,2019,1.201,0.199,0.02,0.081,0,0.0650805537136152,0.03822191249847242,5.758,
Iceland,2019,1.38,0.591,0.118,0.354,0,0.441935559902892,0.0294623706601928,7.494,
India,2019,0.755,0.498,0.085,0.2,0.11925405769383313,0.06185167263591198,0.31860990357336655,4.015,
Indonesia,2019,0.931,0.491,0.028,0.498,0.02094985823677222,0.0216875293014473,0.16796770142651532,5.192,
Iran,2019,1.1,0.305,0.125,0.27,0,0.3511521382283075,0.12382986642800838,4.548,
Iraq,2019,1.043,0.241,0.089,0.148,0,0.14825116088261595,0.014191564118677766,4.437,
Ireland,2019,1.499,0.516,0.31,0.298,0,0.40678858604375817,0.018397473740672483,7.021,
Israel,2019,1.276,0.371,0.082,0.261,0,0.07375011984394474,0.03980165197927177,7.139,
Italy,2019,1.294,0.231,0.03,0.158,0,0.09300514576161262,0.10176051472318538,6.223,
Jamaica,2019,0.831,0.49,0.028,0.107,0,0.02372446273412232,1.379408047541112,5.89,
Japan,2019,1.327,0.445,0.14,0.069,0,0.03856732590030809,0.012145947216047944,5.886,
Jordan,2019,0.837,0.383,0.13,0.11,0,0.016799806782457523,0.02075270249597694,4.906,
Kazakhstan,2019,1.173,0.41,0.096,0.146,0,0.40290582783645706,0.13770880096946997,5.809,
Kenya,2019,0.512,0.431,0.053,0.372,0.5434760260464486,0.017433680054488587,8.905578563486365,4.509,
Kuwait,2019,1.5,0.493,0.097,0.142,0,0.05690127060537262,0.004741772550447718,6.021,
Kyrgyzstan,2019,0.551,0.508,0.023,0.3,0,0.09791608156627186,0.23779619808951735,5.261,
Laos,2019,0.764,0.547,0.164,0.266,0.02782633086036093,0.022261064688288746,0.4577431426529373,4.796,
Latvia,2019,1.187,0.264,0.064,0.075,0,0.26274952665672774,0.6148338923767429,5.94,
Lebanon,2019,0.987,0.216,0.027,0.166,0,0.18539485600804878,0.06569109071151334,5.197,
Liberia,2019,0.073,0.37,0.033,0.233,5.0654575736155625,0.014121148154244898,3.177258334705102,3.975,
Libya,2019,1.044,0.416,0.152,0.133,0,0.29734711905234,0.11776123526825347,5.525,
Lithuania,2019,1.238,0.291,0.042,0.043,0,0.6139475812281713,0.2179695554656229,6.149,
Luxembourg,2019,1.609,0.526,0.316,0.194,0,0.24293268335344276,0.048586536670688546,7.09,
Madagascar,2019,0.274,0.148,0.041,0.169,0.9436370674373774,0.01809006897669464,0.8435879104438213,3.933,
Malawi,2019,0.191,0.443,0.089,0.218,1.3415128919656152,0.02137869150542813,6.535465993209379,3.41,
Malaysia,2019,1.221,0.508,0.024,0.26,0.0018737854357028954,0.043097065021166586,0.35008557890382425,5.339,
Mali,2019,0.385,0.327,0.052,0.153,1.659975465370249,0.00911239962691811,2.0194090062097967,4.39,
Malta,2019,1.3,0.564,0.151,0.375,0,0.1815792400454856,0.0226974050056857,6.726,
Mauritania,2019,0.57,0.066,0.088,0.106,3.134752793394713,0.010999132608402502,0.04179670391192951,4.49,
Mauritius,2019,1.12,0.498,0.06,0.215,0,0.11810651633019432,0.708639097981166,5.888,
Mexico,2019,1.07,0.433,0.073,0.074,0.0000782418689015549,0.04655391199642516,0.38369812509322515,6.595,
Moldova,2019,0.685,0.245,0,0.181,0,0.06927959611974879,0.40083194897854657,5.529,
Mongolia,2019,0.948,0.317,0.038,0.235,0,0.06184064346426338,0.04328845042498436,5.285,
Montenegro,2019,1.051,0.197,0.08,0.142,0,0.015923541523023055,0.015923541523023055,5.523,
Morocco,2019,0.801,0.418,0.076,0.036,0,0.1113639586773497,0.10917498651661556,5.208,
Mozambique,2019,0.204,0.494,0.138,0.197,3.1167430196051296,0.04424863893644889,17.284829439360237,4.466,
Myanmar,2019,0.71,0.525,0.172,0.566,0.03936507861409493,0.03954989118974796,0.8370161551325631,4.36,
Namibia,2019,0.879,0.401,0.056,0.07,0.4236123100138753,0.02397805528380426,13.719443964883338,4.639,
Nepal,2019,0.446,0.439,0.089,0.285,0,0.0125448224764748,0.4624160951745016,4.913,
Netherlands,2019,1.396,0.557,0.298,0.322,0,0.10231643233475224,0.027479270398476318,7.488,
New Zealand,2019,1.303,0.585,0.38,0.33,0,0.13570359495525017,0.018789728532265407,7.307,
Nicaragua,2019,0.694,0.435,0.127,0.2,0.004573851928861966,0.018295407715447864,0.7867025317642582,6.105,
Niger,2019,0.138,0.318,0.102,0.188,2.7534548353025063,0.0059700120325592515,0.5449768126864802,4.628,
Nigeria,2019,0.696,0.426,0.041,0.215,4.261022642857584,0.01357723720090449,3.6952383568724474,5.265,
North Macedonia,2019,0.983,0.345,0.034,0.185,0,0.06239668548806687,0.004799745037543606,5.274,
Norway,2019,1.488,0.603,0.341,0.271,0,0.44558232969007894,0.024135709524879277,7.554,
Pakistan,2019,0.677,0.313,0.098,0.22,0.072163034778137,0.03990137190857448,0.15012488485094574,5.653,
Panama,2019,1.149,0.516,0.054,0.109,0,0.044622223558279446,1.2470737215498096,6.321,
Paraguay,2019,0.855,0.514,0.08,0.184,0,0.02124750926072691,0.6530067846130071,5.743,
Peru,2019,0.96,0.455,0.027,0.083,0.005216514342913585,0.05093772828962677,0.5333118781166947,5.697,
Philippines,2019,0.807,0.558,0.107,0.117,0.002860679632700178,0.02989871616112444,0.39117486977471144,5.631,
Poland,2019,1.206,0.483,0.05,0.117,0,0.05570161022267629,0.03431852762534558,6.182,
Portugal,2019,1.221,0.508,0.025,0.047,0,0.04989782197963836,0.46962655980836104,5.693,
Qatar,2019,1.684,0.555,0.167,0.22,0,0.02464530130289146,0.014083029315937974,6.374,
Romania,2019,1.162,0.462,0.005,0.083,0,0.07651950414947692,0.07031522002924906,6.07,
Russia,2019,1.183,0.334,0.031,0.082,0,0.4028562169899705,1.2497659602111864,5.648,
Rwanda,2019,0.359,0.555,0.411,0.217,0.8793351122453527,0.014984185769203318,2.2831167264128216,3.334,
Saudi Arabia,2019,1.403,0.439,0.132,0.08,0.0002910309979735221,0.05820619959470441,0.18917014868278934,6.375,
Senegal,2019,0.45,0.292,0.072,0.153,2.7246663001603584,0.012218234529867077,0.9023166200306837,4.681,
Serbia,2019,1.004,0.282,0.039,0.137,0,0.08213603895529804,0.05133502434706127,5.603,
Sierra Leone,2019,0.268,0.309,0.045,0.252,6.0749529041284935,0.012754467571128476,3.3875865868917234,4.374,
Singapore,2019,1.572,0.556,0.453,0.271,0,0.02924823267554058,0.06193743390114476,6.262,
Slovakia,2019,1.246,0.334,0.014,0.121,0,0.034814603076877976,0.005497042591085996,6.198,
Slovenia,2019,1.258,0.564,0.057,0.144,0,0.13469924784902138,0.009621374846358671,6.118,
Somalia,2019,0,0.559,0.27,0.243,0.7695514900521291,0.014823856173533474,1.7079660373853787,4.668,
South Africa,2019,0.96,0.389,0.055,0.13,0.067818208486941,0.019595713507533204,23.576028914685104,4.722,
South Korea,2019,1.301,0.159,0.056,0.175,0.0003903726378136915,0.023227171949914645,0.026545339371331023,5.895,
South Sudan,2019,0.306,0.01,0.091,0.202,0.8020108550229607,0.008119344988983852,3.6609224405884975,2.853,
Spain,2019,1.286,0.362,0.079,0.153,0,0.15596926468386443,0.14377413699253347,6.354,
Sri Lanka,2019,0.949,0.47,0.047,0.244,0,0.06279448387011213,0.014995697640623796,4.366,
Sweden,2019,1.387,0.574,0.373,0.267,0,0.48271449169616615,0.01990575223489345,7.343,
Switzerland,2019,1.452,0.572,0.343,0.263,0,0.24760652834955255,0.04184899070696663,7.48,
Syria,2019,0.619,0.013,0.141,0.331,0,0.08984553510571348,0.007000950787458193,3.462,
Taiwan,2019,1.368,0.351,0.097,0.242,0,0.21781665379880444,0.07106373454053659,6.446,
Tajikistan,2019,0.493,0.389,0.144,0.23,0,0.025650115537739174,0.06198777921620301,5.467,
Tanzania,2019,0.476,0.417,0.147,0.276,0.5027139260078878,0.03311392072338647,4.212330920621042,3.231,
Thailand,2019,1.05,0.557,0.028,0.359,0.00014356186755613772,0.06991462949983906,2.4441407951432446,6.008,
Togo,2019,0.275,0.293,0.085,0.177,4.090170576996259,0.02218230502739761,3.922570939011478,4.085,
Tunisia,2019,0.921,0.167,0.055,0.059,0,0.13485810622687674,0.1194945245048275,4.461,
Turkey,2019,1.183,0.195,0.106,0.083,0,0.04115532176355148,0.024286425343026018,5.373,
Turkmenistan,2019,1.052,0.394,0.028,0.244,0,0.11079065752744462,0.17457921792203393,5.247,
Uganda,2019,0.332,0.356,0.06,0.252,0.8918395868874999,0.010111559942035145,3.934070921447807,4.189,
Ukraine,2019,0.82,0.178,0.01,0.187,0,0.3360908407349926,1.5043307705477567,4.332,
United Arab Emirates,2019,1.503,0.598,0.182,0.262,0,0.8221820425432737,0.1613723760519717,6.825,
United Kingdom,2019,1.333,0.45,0.278,0.348,0,0.39249951041123077,0.033287745888626805,7.054,
Uruguay,2019,1.124,0.523,0.15,0.127,0,0.04330446561423343,0.5081057298736722,6.293,
Uzbekistan,2019,0.745,0.631,0.24,0.322,0,0.057161285284504565,0.1714838558535137,6.174,
Venezuela,2019,0.96,0.154,0.047,0.064,0.19613024156754869,0.031928178859833505,0.6350549861131719,4.707,
Vietnam,2019,0.741,0.543,0.073,0.147,0.005796288828782524,0.12182557056208983,0.6617084729001191,5.175,
Yemen,2019,0.287,0.143,0.077,0.108,1.701659495509375,0.08916545439228003,0.08643241364462395,3.38,
Zambia,2019,0.578,0.431,0.087,0.247,0.9891152188833965,0.03287763262767346,10.34085133341926,4.107,
Zimbabwe,2019,0.366,0.361,0.089,0.151,0.2826529740030779,0.08649862095997804,12.263052522711849,3.663,
